subject,actual_activity,predicted_activity,correct_prediction
2,STANDING,STANDING,True
2,STANDING,STANDING,True
2,STANDING,STANDING,True
2,STANDING,STANDING,True
2,STANDING,STANDING,True
2,STANDING,STANDING,True
2,STANDING,STANDING,True
2,STANDING,STANDING,True
2,STANDING,STANDING,True
2,STANDING,STANDING,True
2,STANDING,STANDING,True
2,STANDING,STANDING,True
2,STANDING,STANDING,True
2,STANDING,STANDING,True
2,STANDING,STANDING,True
2,STANDING,STANDING,True
2,STANDING,STANDING,True
2,STANDING,STANDING,True
2,STANDING,STANDING,True
2,STANDING,STANDING,True
2,STANDING,STANDING,True
2,STANDING,STANDING,True
2,STANDING,STANDING,True
2,STANDING,STANDING,True
2,STANDING,STANDING,True
2,STANDING,STANDING,True
2,STANDING,STANDING,True
2,STANDING,STANDING,True
2,STANDING,STANDING,True
2,STANDING,STANDING,True
2,STANDING,STANDING,True
2,SITTING,SITTING,True
2,SITTING,SITTING,True
2,SITTING,SITTING,True
2,SITTING,SITTING,True
2,SITTING,SITTING,True
2,SITTING,SITTING,True
2,SITTING,SITTING,True
2,SITTING,SITTING,True
2,SITTING,SITTING,True
2,SITTING,SITTING,True
2,SITTING,SITTING,True
2,SITTING,STANDING,False
2,SITTING,STANDING,False
2,SITTING,SITTING,True
2,SITTING,SITTING,True
2,SITTING,SITTING,True
2,SITTING,SITTING,True
2,SITTING,SITTING,True
2,SITTING,SITTING,True
2,SITTING,SITTING,True
2,SITTING,SITTING,True
2,SITTING,SITTING,True
2,SITTING,SITTING,True
2,SITTING,SITTING,True
2,LAYING,LAYING,True
2,LAYING,LAYING,True
2,LAYING,LAYING,True
2,LAYING,LAYING,True
2,LAYING,LAYING,True
2,LAYING,LAYING,True
2,LAYING,LAYING,True
2,LAYING,LAYING,True
2,LAYING,LAYING,True
2,LAYING,LAYING,True
2,LAYING,LAYING,True
2,LAYING,LAYING,True
2,LAYING,LAYING,True
2,LAYING,LAYING,True
2,LAYING,LAYING,True
2,LAYING,LAYING,True
2,LAYING,LAYING,True
2,LAYING,LAYING,True
2,LAYING,LAYING,True
2,LAYING,LAYING,True
2,LAYING,LAYING,True
2,LAYING,LAYING,True
2,LAYING,LAYING,True
2,LAYING,LAYING,True
2,WALKING,WALKING,True
2,WALKING,WALKING,True
2,WALKING,WALKING,True
2,WALKING,WALKING,True
2,WALKING,WALKING,True
2,WALKING,WALKING,True
2,WALKING,WALKING,True
2,WALKING,WALKING,True
2,WALKING,WALKING,True
2,WALKING,WALKING,True
2,WALKING,WALKING,True
2,WALKING,WALKING,True
2,WALKING,WALKING,True
2,WALKING,WALKING,True
2,WALKING,WALKING,True
2,WALKING,WALKING,True
2,WALKING,WALKING,True
2,WALKING,WALKING,True
2,WALKING,WALKING,True
2,WALKING,WALKING,True
2,WALKING,WALKING,True
2,WALKING,WALKING,True
2,WALKING,WALKING,True
2,WALKING,WALKING,True
2,WALKING,WALKING,True
2,WALKING,WALKING,True
2,WALKING,WALKING,True
2,WALKING,WALKING,True
2,WALKING,WALKING,True
2,WALKING,WALKING,True
2,WALKING_DOWNSTAIRS,WALKING_DOWNSTAIRS,True
2,WALKING_DOWNSTAIRS,WALKING_DOWNSTAIRS,True
2,WALKING_DOWNSTAIRS,WALKING_DOWNSTAIRS,True
2,WALKING_DOWNSTAIRS,WALKING_DOWNSTAIRS,True
2,WALKING_DOWNSTAIRS,WALKING_DOWNSTAIRS,True
2,WALKING_DOWNSTAIRS,WALKING_DOWNSTAIRS,True
2,WALKING_DOWNSTAIRS,WALKING_DOWNSTAIRS,True
2,WALKING_DOWNSTAIRS,WALKING_DOWNSTAIRS,True
2,WALKING_DOWNSTAIRS,WALKING_DOWNSTAIRS,True
2,WALKING_DOWNSTAIRS,WALKING_DOWNSTAIRS,True
2,WALKING_DOWNSTAIRS,WALKING_DOWNSTAIRS,True
2,WALKING_DOWNSTAIRS,WALKING_DOWNSTAIRS,True
2,WALKING_DOWNSTAIRS,WALKING_DOWNSTAIRS,True
2,WALKING_DOWNSTAIRS,WALKING_DOWNSTAIRS,True
2,WALKING_DOWNSTAIRS,WALKING_DOWNSTAIRS,True
2,WALKING_DOWNSTAIRS,WALKING_DOWNSTAIRS,True
2,WALKING_DOWNSTAIRS,WALKING_DOWNSTAIRS,True
2,WALKING_DOWNSTAIRS,WALKING_DOWNSTAIRS,True
2,WALKING_DOWNSTAIRS,WALKING_DOWNSTAIRS,True
2,WALKING_DOWNSTAIRS,WALKING_DOWNSTAIRS,True
2,WALKING_DOWNSTAIRS,WALKING_DOWNSTAIRS,True
2,WALKING_DOWNSTAIRS,WALKING_DOWNSTAIRS,True
2,WALKING_DOWNSTAIRS,WALKING_DOWNSTAIRS,True
2,WALKING_DOWNSTAIRS,WALKING_DOWNSTAIRS,True
2,WALKING_UPSTAIRS,WALKING_UPSTAIRS,True
2,WALKING_UPSTAIRS,WALKING_UPSTAIRS,True
2,WALKING_UPSTAIRS,WALKING_UPSTAIRS,True
2,WALKING_UPSTAIRS,WALKING_UPSTAIRS,True
2,WALKING_UPSTAIRS,WALKING_UPSTAIRS,True
2,WALKING_UPSTAIRS,WALKING_UPSTAIRS,True
2,WALKING_UPSTAIRS,WALKING_UPSTAIRS,True
2,WALKING_UPSTAIRS,WALKING_UPSTAIRS,True
2,WALKING_UPSTAIRS,WALKING_UPSTAIRS,True
2,WALKING_UPSTAIRS,WALKING_UPSTAIRS,True
2,WALKING_UPSTAIRS,WALKING_UPSTAIRS,True
2,WALKING_UPSTAIRS,WALKING_UPSTAIRS,True
2,WALKING_UPSTAIRS,WALKING_UPSTAIRS,True
2,WALKING_UPSTAIRS,WALKING_UPSTAIRS,True
2,WALKING_UPSTAIRS,WALKING_UPSTAIRS,True
2,WALKING_UPSTAIRS,WALKING_UPSTAIRS,True
2,WALKING_UPSTAIRS,WALKING_UPSTAIRS,True
2,WALKING_UPSTAIRS,WALKING_UPSTAIRS,True
2,WALKING_UPSTAIRS,WALKING_UPSTAIRS,True
2,WALKING_UPSTAIRS,WALKING_UPSTAIRS,True
2,WALKING_UPSTAIRS,WALKING_UPSTAIRS,True
2,WALKING_UPSTAIRS,WALKING_UPSTAIRS,True
2,WALKING_UPSTAIRS,WALKING_UPSTAIRS,True
2,WALKING_UPSTAIRS,WALKING_UPSTAIRS,True
2,WALKING_UPSTAIRS,WALKING_UPSTAIRS,True
2,STANDING,STANDING,True
2,STANDING,STANDING,True
2,STANDING,STANDING,True
2,STANDING,STANDING,True
2,STANDING,STANDING,True
2,STANDING,STANDING,True
2,STANDING,STANDING,True
2,STANDING,STANDING,True
2,STANDING,STANDING,True
2,STANDING,STANDING,True
2,STANDING,STANDING,True
2,STANDING,STANDING,True
2,STANDING,STANDING,True
2,STANDING,STANDING,True
2,STANDING,STANDING,True
2,STANDING,STANDING,True
2,STANDING,STANDING,True
2,STANDING,STANDING,True
2,STANDING,STANDING,True
2,STANDING,STANDING,True
2,STANDING,STANDING,True
2,STANDING,STANDING,True
2,STANDING,STANDING,True
2,SITTING,SITTING,True
2,SITTING,STANDING,False
2,SITTING,SITTING,True
2,SITTING,SITTING,True
2,SITTING,SITTING,True
2,SITTING,SITTING,True
2,SITTING,SITTING,True
2,SITTING,SITTING,True
2,SITTING,SITTING,True
2,SITTING,SITTING,True
2,SITTING,SITTING,True
2,SITTING,SITTING,True
2,SITTING,SITTING,True
2,SITTING,SITTING,True
2,SITTING,SITTING,True
2,SITTING,SITTING,True
2,SITTING,SITTING,True
2,SITTING,SITTING,True
2,SITTING,SITTING,True
2,SITTING,SITTING,True
2,SITTING,SITTING,True
2,SITTING,SITTING,True
2,LAYING,LAYING,True
2,LAYING,LAYING,True
2,LAYING,LAYING,True
2,LAYING,LAYING,True
2,LAYING,LAYING,True
2,LAYING,LAYING,True
2,LAYING,LAYING,True
2,LAYING,LAYING,True
2,LAYING,LAYING,True
2,LAYING,LAYING,True
2,LAYING,LAYING,True
2,LAYING,LAYING,True
2,LAYING,LAYING,True
2,LAYING,LAYING,True
2,LAYING,LAYING,True
2,LAYING,LAYING,True
2,LAYING,LAYING,True
2,LAYING,LAYING,True
2,LAYING,LAYING,True
2,LAYING,LAYING,True
2,LAYING,LAYING,True
2,LAYING,LAYING,True
2,LAYING,LAYING,True
2,LAYING,LAYING,True
2,WALKING,WALKING,True
2,WALKING,WALKING,True
2,WALKING,WALKING,True
2,WALKING,WALKING,True
2,WALKING,WALKING,True
2,WALKING,WALKING,True
2,WALKING,WALKING,True
2,WALKING,WALKING,True
2,WALKING,WALKING,True
2,WALKING,WALKING,True
2,WALKING,WALKING,True
2,WALKING,WALKING,True
2,WALKING,WALKING,True
2,WALKING,WALKING,True
2,WALKING,WALKING,True
2,WALKING,WALKING,True
2,WALKING,WALKING,True
2,WALKING,WALKING,True
2,WALKING,WALKING,True
2,WALKING,WALKING,True
2,WALKING,WALKING,True
2,WALKING,WALKING,True
2,WALKING,WALKING,True
2,WALKING,WALKING,True
2,WALKING,WALKING,True
2,WALKING,WALKING,True
2,WALKING,WALKING,True
2,WALKING,WALKING,True
2,WALKING,WALKING,True
2,WALKING_DOWNSTAIRS,WALKING_DOWNSTAIRS,True
2,WALKING_DOWNSTAIRS,WALKING_DOWNSTAIRS,True
2,WALKING_DOWNSTAIRS,WALKING_DOWNSTAIRS,True
2,WALKING_DOWNSTAIRS,WALKING_DOWNSTAIRS,True
2,WALKING_DOWNSTAIRS,WALKING_DOWNSTAIRS,True
2,WALKING_DOWNSTAIRS,WALKING_DOWNSTAIRS,True
2,WALKING_DOWNSTAIRS,WALKING_DOWNSTAIRS,True
2,WALKING_DOWNSTAIRS,WALKING_DOWNSTAIRS,True
2,WALKING_DOWNSTAIRS,WALKING_DOWNSTAIRS,True
2,WALKING_DOWNSTAIRS,WALKING_DOWNSTAIRS,True
2,WALKING_DOWNSTAIRS,WALKING_DOWNSTAIRS,True
2,WALKING_DOWNSTAIRS,WALKING_DOWNSTAIRS,True
2,WALKING_DOWNSTAIRS,WALKING_DOWNSTAIRS,True
2,WALKING_DOWNSTAIRS,WALKING_DOWNSTAIRS,True
2,WALKING_DOWNSTAIRS,WALKING_DOWNSTAIRS,True
2,WALKING_DOWNSTAIRS,WALKING_DOWNSTAIRS,True
2,WALKING_DOWNSTAIRS,WALKING_DOWNSTAIRS,True
2,WALKING_DOWNSTAIRS,WALKING_DOWNSTAIRS,True
2,WALKING_DOWNSTAIRS,WALKING_DOWNSTAIRS,True
2,WALKING_DOWNSTAIRS,WALKING_DOWNSTAIRS,True
2,WALKING_DOWNSTAIRS,WALKING_DOWNSTAIRS,True
2,WALKING_DOWNSTAIRS,WALKING_DOWNSTAIRS,True
2,WALKING_DOWNSTAIRS,WALKING_DOWNSTAIRS,True
2,WALKING_UPSTAIRS,WALKING_UPSTAIRS,True
2,WALKING_UPSTAIRS,WALKING_UPSTAIRS,True
2,WALKING_UPSTAIRS,WALKING_UPSTAIRS,True
2,WALKING_UPSTAIRS,WALKING_UPSTAIRS,True
2,WALKING_UPSTAIRS,WALKING_UPSTAIRS,True
2,WALKING_UPSTAIRS,WALKING_UPSTAIRS,True
2,WALKING_UPSTAIRS,WALKING_UPSTAIRS,True
2,WALKING_UPSTAIRS,WALKING_UPSTAIRS,True
2,WALKING_UPSTAIRS,WALKING_UPSTAIRS,True
2,WALKING_UPSTAIRS,WALKING_UPSTAIRS,True
2,WALKING_UPSTAIRS,WALKING_UPSTAIRS,True
2,WALKING_UPSTAIRS,WALKING_UPSTAIRS,True
2,WALKING_UPSTAIRS,WALKING_UPSTAIRS,True
2,WALKING_UPSTAIRS,WALKING_UPSTAIRS,True
2,WALKING_UPSTAIRS,WALKING_UPSTAIRS,True
2,WALKING_UPSTAIRS,WALKING_UPSTAIRS,True
2,WALKING_UPSTAIRS,WALKING_UPSTAIRS,True
2,WALKING_UPSTAIRS,WALKING_UPSTAIRS,True
2,WALKING_UPSTAIRS,WALKING_UPSTAIRS,True
2,WALKING_UPSTAIRS,WALKING_UPSTAIRS,True
2,WALKING_UPSTAIRS,WALKING_UPSTAIRS,True
2,WALKING_UPSTAIRS,WALKING_UPSTAIRS,True
2,WALKING_UPSTAIRS,WALKING_UPSTAIRS,True
4,STANDING,STANDING,True
4,STANDING,STANDING,True
4,STANDING,STANDING,True
4,STANDING,STANDING,True
4,STANDING,STANDING,True
4,STANDING,STANDING,True
4,STANDING,STANDING,True
4,STANDING,STANDING,True
4,STANDING,STANDING,True
4,STANDING,STANDING,True
4,STANDING,STANDING,True
4,STANDING,SITTING,False
4,STANDING,STANDING,True
4,STANDING,STANDING,True
4,STANDING,STANDING,True
4,STANDING,SITTING,False
4,STANDING,STANDING,True
4,STANDING,STANDING,True
4,STANDING,STANDING,True
4,STANDING,STANDING,True
4,STANDING,STANDING,True
4,STANDING,STANDING,True
4,STANDING,STANDING,True
4,STANDING,STANDING,True
4,STANDING,STANDING,True
4,STANDING,STANDING,True
4,STANDING,STANDING,True
4,STANDING,STANDING,True
4,SITTING,SITTING,True
4,SITTING,SITTING,True
4,SITTING,SITTING,True
4,SITTING,SITTING,True
4,SITTING,SITTING,True
4,SITTING,SITTING,True
4,SITTING,SITTING,True
4,SITTING,SITTING,True
4,SITTING,SITTING,True
4,SITTING,SITTING,True
4,SITTING,SITTING,True
4,SITTING,SITTING,True
4,SITTING,SITTING,True
4,SITTING,SITTING,True
4,SITTING,SITTING,True
4,SITTING,SITTING,True
4,SITTING,SITTING,True
4,SITTING,SITTING,True
4,SITTING,SITTING,True
4,SITTING,SITTING,True
4,SITTING,SITTING,True
4,SITTING,SITTING,True
4,SITTING,SITTING,True
4,SITTING,SITTING,True
4,LAYING,LAYING,True
4,LAYING,LAYING,True
4,LAYING,LAYING,True
4,LAYING,LAYING,True
4,LAYING,LAYING,True
4,LAYING,LAYING,True
4,LAYING,LAYING,True
4,LAYING,LAYING,True
4,LAYING,LAYING,True
4,LAYING,LAYING,True
4,LAYING,LAYING,True
4,LAYING,LAYING,True
4,LAYING,LAYING,True
4,LAYING,LAYING,True
4,LAYING,LAYING,True
4,LAYING,LAYING,True
4,LAYING,LAYING,True
4,LAYING,LAYING,True
4,LAYING,LAYING,True
4,LAYING,LAYING,True
4,LAYING,LAYING,True
4,LAYING,LAYING,True
4,LAYING,LAYING,True
4,LAYING,LAYING,True
4,LAYING,LAYING,True
4,LAYING,LAYING,True
4,LAYING,LAYING,True
4,LAYING,LAYING,True
4,LAYING,LAYING,True
4,LAYING,LAYING,True
4,WALKING,WALKING,True
4,WALKING,WALKING,True
4,WALKING,WALKING,True
4,WALKING,WALKING,True
4,WALKING,WALKING,True
4,WALKING,WALKING,True
4,WALKING,WALKING,True
4,WALKING,WALKING,True
4,WALKING,WALKING,True
4,WALKING,WALKING,True
4,WALKING,WALKING,True
4,WALKING,WALKING,True
4,WALKING,WALKING,True
4,WALKING,WALKING,True
4,WALKING,WALKING,True
4,WALKING,WALKING,True
4,WALKING,WALKING,True
4,WALKING,WALKING,True
4,WALKING,WALKING,True
4,WALKING,WALKING,True
4,WALKING,WALKING,True
4,WALKING,WALKING,True
4,WALKING,WALKING,True
4,WALKING,WALKING,True
4,WALKING,WALKING,True
4,WALKING,WALKING,True
4,WALKING,WALKING,True
4,WALKING,WALKING,True
4,WALKING,WALKING,True
4,WALKING,WALKING,True
4,WALKING,WALKING,True
4,WALKING_DOWNSTAIRS,WALKING_DOWNSTAIRS,True
4,WALKING_DOWNSTAIRS,WALKING_DOWNSTAIRS,True
4,WALKING_DOWNSTAIRS,WALKING_DOWNSTAIRS,True
4,WALKING_DOWNSTAIRS,WALKING_DOWNSTAIRS,True
4,WALKING_DOWNSTAIRS,WALKING_DOWNSTAIRS,True
4,WALKING_DOWNSTAIRS,WALKING_DOWNSTAIRS,True
4,WALKING_DOWNSTAIRS,WALKING_DOWNSTAIRS,True
4,WALKING_DOWNSTAIRS,WALKING_DOWNSTAIRS,True
4,WALKING_DOWNSTAIRS,WALKING_DOWNSTAIRS,True
4,WALKING_DOWNSTAIRS,WALKING_DOWNSTAIRS,True
4,WALKING_DOWNSTAIRS,WALKING_DOWNSTAIRS,True
4,WALKING_DOWNSTAIRS,WALKING_DOWNSTAIRS,True
4,WALKING_DOWNSTAIRS,WALKING_DOWNSTAIRS,True
4,WALKING_DOWNSTAIRS,WALKING_DOWNSTAIRS,True
4,WALKING_DOWNSTAIRS,WALKING_DOWNSTAIRS,True
4,WALKING_DOWNSTAIRS,WALKING_DOWNSTAIRS,True
4,WALKING_DOWNSTAIRS,WALKING_DOWNSTAIRS,True
4,WALKING_DOWNSTAIRS,WALKING_DOWNSTAIRS,True
4,WALKING_DOWNSTAIRS,WALKING_DOWNSTAIRS,True
4,WALKING_DOWNSTAIRS,WALKING_DOWNSTAIRS,True
4,WALKING_DOWNSTAIRS,WALKING_DOWNSTAIRS,True
4,WALKING_DOWNSTAIRS,WALKING_DOWNSTAIRS,True
4,WALKING_DOWNSTAIRS,WALKING_DOWNSTAIRS,True
4,WALKING_UPSTAIRS,WALKING_UPSTAIRS,True
4,WALKING_UPSTAIRS,WALKING_UPSTAIRS,True
4,WALKING_UPSTAIRS,WALKING_UPSTAIRS,True
4,WALKING_UPSTAIRS,WALKING_UPSTAIRS,True
4,WALKING_UPSTAIRS,WALKING_UPSTAIRS,True
4,WALKING_UPSTAIRS,WALKING_UPSTAIRS,True
4,WALKING_UPSTAIRS,WALKING_UPSTAIRS,True
4,WALKING_UPSTAIRS,WALKING_UPSTAIRS,True
4,WALKING_UPSTAIRS,WALKING_UPSTAIRS,True
4,WALKING_UPSTAIRS,WALKING_UPSTAIRS,True
4,WALKING_UPSTAIRS,WALKING_UPSTAIRS,True
4,WALKING_UPSTAIRS,WALKING_UPSTAIRS,True
4,WALKING_UPSTAIRS,WALKING_UPSTAIRS,True
4,WALKING_UPSTAIRS,WALKING_UPSTAIRS,True
4,WALKING_UPSTAIRS,WALKING_UPSTAIRS,True
4,WALKING_UPSTAIRS,WALKING_UPSTAIRS,True
4,WALKING_UPSTAIRS,WALKING_UPSTAIRS,True
4,WALKING_UPSTAIRS,WALKING_UPSTAIRS,True
4,WALKING_UPSTAIRS,WALKING_UPSTAIRS,True
4,WALKING_UPSTAIRS,WALKING_UPSTAIRS,True
4,WALKING_UPSTAIRS,WALKING_UPSTAIRS,True
4,WALKING_UPSTAIRS,WALKING_UPSTAIRS,True
4,WALKING_UPSTAIRS,WALKING_UPSTAIRS,True
4,WALKING_UPSTAIRS,WALKING_UPSTAIRS,True
4,WALKING_UPSTAIRS,WALKING_UPSTAIRS,True
4,WALKING_UPSTAIRS,WALKING_UPSTAIRS,True
4,WALKING_UPSTAIRS,WALKING_UPSTAIRS,True
4,WALKING_UPSTAIRS,WALKING_UPSTAIRS,True
4,STANDING,SITTING,False
4,STANDING,STANDING,True
4,STANDING,STANDING,True
4,STANDING,SITTING,False
4,STANDING,STANDING,True
4,STANDING,STANDING,True
4,STANDING,STANDING,True
4,STANDING,STANDING,True
4,STANDING,STANDING,True
4,STANDING,STANDING,True
4,STANDING,STANDING,True
4,STANDING,STANDING,True
4,STANDING,STANDING,True
4,STANDING,STANDING,True
4,STANDING,STANDING,True
4,STANDING,STANDING,True
4,STANDING,STANDING,True
4,STANDING,SITTING,False
4,STANDING,STANDING,True
4,STANDING,STANDING,True
4,STANDING,STANDING,True
4,STANDING,STANDING,True
4,STANDING,STANDING,True
4,STANDING,STANDING,True
4,STANDING,SITTING,False
4,STANDING,STANDING,True
4,STANDING,STANDING,True
4,STANDING,STANDING,True
4,SITTING,SITTING,True
4,SITTING,SITTING,True
4,SITTING,SITTING,True
4,SITTING,SITTING,True
4,SITTING,SITTING,True
4,SITTING,SITTING,True
4,SITTING,SITTING,True
4,SITTING,SITTING,True
4,SITTING,SITTING,True
4,SITTING,SITTING,True
4,SITTING,SITTING,True
4,SITTING,SITTING,True
4,SITTING,SITTING,True
4,SITTING,SITTING,True
4,SITTING,STANDING,False
4,SITTING,SITTING,True
4,SITTING,SITTING,True
4,SITTING,STANDING,False
4,SITTING,STANDING,False
4,SITTING,SITTING,True
4,SITTING,STANDING,False
4,SITTING,SITTING,True
4,SITTING,SITTING,True
4,SITTING,SITTING,True
4,SITTING,SITTING,True
4,SITTING,SITTING,True
4,LAYING,LAYING,True
4,LAYING,LAYING,True
4,LAYING,LAYING,True
4,LAYING,LAYING,True
4,LAYING,LAYING,True
4,LAYING,LAYING,True
4,LAYING,LAYING,True
4,LAYING,LAYING,True
4,LAYING,LAYING,True
4,LAYING,LAYING,True
4,LAYING,LAYING,True
4,LAYING,LAYING,True
4,LAYING,LAYING,True
4,LAYING,LAYING,True
4,LAYING,LAYING,True
4,LAYING,LAYING,True
4,LAYING,LAYING,True
4,LAYING,LAYING,True
4,LAYING,LAYING,True
4,LAYING,LAYING,True
4,LAYING,LAYING,True
4,LAYING,LAYING,True
4,LAYING,LAYING,True
4,LAYING,LAYING,True
4,WALKING,WALKING,True
4,WALKING,WALKING,True
4,WALKING,WALKING,True
4,WALKING,WALKING,True
4,WALKING,WALKING,True
4,WALKING,WALKING,True
4,WALKING,WALKING,True
4,WALKING,WALKING,True
4,WALKING,WALKING,True
4,WALKING,WALKING,True
4,WALKING,WALKING,True
4,WALKING,WALKING,True
4,WALKING,WALKING,True
4,WALKING,WALKING,True
4,WALKING,WALKING,True
4,WALKING,WALKING,True
4,WALKING,WALKING,True
4,WALKING,WALKING,True
4,WALKING,WALKING,True
4,WALKING,WALKING,True
4,WALKING,WALKING,True
4,WALKING,WALKING,True
4,WALKING,WALKING,True
4,WALKING,WALKING,True
4,WALKING,WALKING,True
4,WALKING,WALKING,True
4,WALKING,WALKING,True
4,WALKING,WALKING,True
4,WALKING,WALKING,True
4,WALKING_DOWNSTAIRS,WALKING_DOWNSTAIRS,True
4,WALKING_DOWNSTAIRS,WALKING_DOWNSTAIRS,True
4,WALKING_DOWNSTAIRS,WALKING_DOWNSTAIRS,True
4,WALKING_DOWNSTAIRS,WALKING_DOWNSTAIRS,True
4,WALKING_DOWNSTAIRS,WALKING_DOWNSTAIRS,True
4,WALKING_DOWNSTAIRS,WALKING_DOWNSTAIRS,True
4,WALKING_DOWNSTAIRS,WALKING_DOWNSTAIRS,True
4,WALKING_DOWNSTAIRS,WALKING_DOWNSTAIRS,True
4,WALKING_DOWNSTAIRS,WALKING_DOWNSTAIRS,True
4,WALKING_DOWNSTAIRS,WALKING_DOWNSTAIRS,True
4,WALKING_DOWNSTAIRS,WALKING_DOWNSTAIRS,True
4,WALKING_DOWNSTAIRS,WALKING_DOWNSTAIRS,True
4,WALKING_DOWNSTAIRS,WALKING_DOWNSTAIRS,True
4,WALKING_DOWNSTAIRS,WALKING_DOWNSTAIRS,True
4,WALKING_DOWNSTAIRS,WALKING_DOWNSTAIRS,True
4,WALKING_DOWNSTAIRS,WALKING_DOWNSTAIRS,True
4,WALKING_DOWNSTAIRS,WALKING_DOWNSTAIRS,True
4,WALKING_DOWNSTAIRS,WALKING_DOWNSTAIRS,True
4,WALKING_DOWNSTAIRS,WALKING_DOWNSTAIRS,True
4,WALKING_DOWNSTAIRS,WALKING_DOWNSTAIRS,True
4,WALKING_DOWNSTAIRS,WALKING_DOWNSTAIRS,True
4,WALKING_DOWNSTAIRS,WALKING_DOWNSTAIRS,True
4,WALKING_UPSTAIRS,WALKING_UPSTAIRS,True
4,WALKING_UPSTAIRS,WALKING_UPSTAIRS,True
4,WALKING_UPSTAIRS,WALKING_UPSTAIRS,True
4,WALKING_UPSTAIRS,WALKING_UPSTAIRS,True
4,WALKING_UPSTAIRS,WALKING_UPSTAIRS,True
4,WALKING_UPSTAIRS,WALKING_UPSTAIRS,True
4,WALKING_UPSTAIRS,WALKING_UPSTAIRS,True
4,WALKING_UPSTAIRS,WALKING_UPSTAIRS,True
4,WALKING_UPSTAIRS,WALKING_UPSTAIRS,True
4,WALKING_UPSTAIRS,WALKING_UPSTAIRS,True
4,WALKING_UPSTAIRS,WALKING_UPSTAIRS,True
4,WALKING_UPSTAIRS,WALKING_UPSTAIRS,True
4,WALKING_UPSTAIRS,WALKING_UPSTAIRS,True
4,WALKING_UPSTAIRS,WALKING_UPSTAIRS,True
4,WALKING_UPSTAIRS,WALKING,False
4,WALKING_UPSTAIRS,WALKING_UPSTAIRS,True
4,WALKING_UPSTAIRS,WALKING_UPSTAIRS,True
4,WALKING_UPSTAIRS,WALKING_UPSTAIRS,True
4,WALKING_UPSTAIRS,WALKING_UPSTAIRS,True
4,WALKING_UPSTAIRS,WALKING_UPSTAIRS,True
4,WALKING_UPSTAIRS,WALKING_UPSTAIRS,True
4,WALKING_UPSTAIRS,WALKING_UPSTAIRS,True
4,WALKING_UPSTAIRS,WALKING_DOWNSTAIRS,False
4,WALKING_UPSTAIRS,WALKING_UPSTAIRS,True
9,STANDING,STANDING,True
9,STANDING,STANDING,True
9,STANDING,STANDING,True
9,STANDING,SITTING,False
9,STANDING,STANDING,True
9,STANDING,STANDING,True
9,STANDING,STANDING,True
9,STANDING,STANDING,True
9,STANDING,STANDING,True
9,STANDING,STANDING,True
9,STANDING,STANDING,True
9,STANDING,STANDING,True
9,STANDING,STANDING,True
9,STANDING,STANDING,True
9,STANDING,STANDING,True
9,STANDING,STANDING,True
9,STANDING,STANDING,True
9,STANDING,STANDING,True
9,STANDING,STANDING,True
9,STANDING,STANDING,True
9,STANDING,STANDING,True
9,STANDING,STANDING,True
9,SITTING,STANDING,False
9,SITTING,SITTING,True
9,SITTING,SITTING,True
9,SITTING,SITTING,True
9,SITTING,STANDING,False
9,SITTING,SITTING,True
9,SITTING,SITTING,True
9,SITTING,SITTING,True
9,SITTING,SITTING,True
9,SITTING,SITTING,True
9,SITTING,SITTING,True
9,SITTING,SITTING,True
9,SITTING,SITTING,True
9,SITTING,SITTING,True
9,SITTING,SITTING,True
9,SITTING,SITTING,True
9,SITTING,SITTING,True
9,SITTING,SITTING,True
9,SITTING,SITTING,True
9,SITTING,SITTING,True
9,SITTING,SITTING,True
9,SITTING,SITTING,True
9,SITTING,SITTING,True
9,SITTING,SITTING,True
9,SITTING,SITTING,True
9,LAYING,LAYING,True
9,LAYING,LAYING,True
9,LAYING,LAYING,True
9,LAYING,LAYING,True
9,LAYING,LAYING,True
9,LAYING,LAYING,True
9,LAYING,LAYING,True
9,LAYING,LAYING,True
9,LAYING,LAYING,True
9,LAYING,LAYING,True
9,LAYING,LAYING,True
9,LAYING,LAYING,True
9,LAYING,LAYING,True
9,LAYING,LAYING,True
9,LAYING,LAYING,True
9,LAYING,LAYING,True
9,LAYING,LAYING,True
9,LAYING,LAYING,True
9,LAYING,LAYING,True
9,LAYING,LAYING,True
9,LAYING,LAYING,True
9,LAYING,LAYING,True
9,LAYING,LAYING,True
9,LAYING,LAYING,True
9,WALKING,WALKING,True
9,WALKING,WALKING,True
9,WALKING,WALKING,True
9,WALKING,WALKING,True
9,WALKING,WALKING,True
9,WALKING,WALKING,True
9,WALKING,WALKING,True
9,WALKING,WALKING,True
9,WALKING,WALKING,True
9,WALKING,WALKING,True
9,WALKING,WALKING,True
9,WALKING,WALKING,True
9,WALKING,WALKING,True
9,WALKING,WALKING,True
9,WALKING,WALKING,True
9,WALKING,WALKING,True
9,WALKING,WALKING,True
9,WALKING,WALKING,True
9,WALKING,WALKING,True
9,WALKING,WALKING,True
9,WALKING,WALKING,True
9,WALKING,WALKING,True
9,WALKING,WALKING,True
9,WALKING,WALKING,True
9,WALKING,WALKING,True
9,WALKING,WALKING,True
9,WALKING_DOWNSTAIRS,WALKING_DOWNSTAIRS,True
9,WALKING_DOWNSTAIRS,WALKING_DOWNSTAIRS,True
9,WALKING_DOWNSTAIRS,WALKING_DOWNSTAIRS,True
9,WALKING_DOWNSTAIRS,WALKING_DOWNSTAIRS,True
9,WALKING_DOWNSTAIRS,WALKING_DOWNSTAIRS,True
9,WALKING_DOWNSTAIRS,WALKING_DOWNSTAIRS,True
9,WALKING_DOWNSTAIRS,WALKING_DOWNSTAIRS,True
9,WALKING_UPSTAIRS,WALKING_UPSTAIRS,True
9,WALKING_UPSTAIRS,WALKING_UPSTAIRS,True
9,WALKING_UPSTAIRS,WALKING_UPSTAIRS,True
9,WALKING_UPSTAIRS,WALKING_UPSTAIRS,True
9,WALKING_UPSTAIRS,WALKING_UPSTAIRS,True
9,WALKING_UPSTAIRS,WALKING_UPSTAIRS,True
9,WALKING_UPSTAIRS,WALKING_UPSTAIRS,True
9,WALKING_UPSTAIRS,WALKING_UPSTAIRS,True
9,WALKING_UPSTAIRS,WALKING_UPSTAIRS,True
9,WALKING_UPSTAIRS,WALKING,False
9,WALKING_DOWNSTAIRS,WALKING_DOWNSTAIRS,True
9,WALKING_DOWNSTAIRS,WALKING_DOWNSTAIRS,True
9,WALKING_DOWNSTAIRS,WALKING_DOWNSTAIRS,True
9,WALKING_DOWNSTAIRS,WALKING_DOWNSTAIRS,True
9,WALKING_DOWNSTAIRS,WALKING_DOWNSTAIRS,True
9,WALKING_DOWNSTAIRS,WALKING_DOWNSTAIRS,True
9,WALKING_UPSTAIRS,WALKING_UPSTAIRS,True
9,WALKING_UPSTAIRS,WALKING,False
9,WALKING_UPSTAIRS,WALKING,False
9,WALKING_UPSTAIRS,WALKING_UPSTAIRS,True
9,WALKING_UPSTAIRS,WALKING_UPSTAIRS,True
9,WALKING_UPSTAIRS,WALKING,False
9,WALKING_UPSTAIRS,WALKING_UPSTAIRS,True
9,WALKING_UPSTAIRS,WALKING_UPSTAIRS,True
9,WALKING_DOWNSTAIRS,WALKING_DOWNSTAIRS,True
9,WALKING_DOWNSTAIRS,WALKING_DOWNSTAIRS,True
9,WALKING_DOWNSTAIRS,WALKING_DOWNSTAIRS,True
9,WALKING_DOWNSTAIRS,WALKING_DOWNSTAIRS,True
9,WALKING_DOWNSTAIRS,WALKING_DOWNSTAIRS,True
9,WALKING_DOWNSTAIRS,WALKING_DOWNSTAIRS,True
9,WALKING_DOWNSTAIRS,WALKING_DOWNSTAIRS,True
9,WALKING_DOWNSTAIRS,WALKING_DOWNSTAIRS,True
9,WALKING_UPSTAIRS,WALKING_UPSTAIRS,True
9,WALKING_UPSTAIRS,WALKING,False
9,WALKING_UPSTAIRS,WALKING,False
9,WALKING_UPSTAIRS,WALKING_UPSTAIRS,True
9,WALKING_UPSTAIRS,WALKING,False
9,WALKING_UPSTAIRS,WALKING,False
9,WALKING_UPSTAIRS,WALKING,False
9,WALKING_UPSTAIRS,WALKING,False
9,STANDING,STANDING,True
9,STANDING,STANDING,True
9,STANDING,STANDING,True
9,STANDING,STANDING,True
9,STANDING,STANDING,True
9,STANDING,STANDING,True
9,STANDING,STANDING,True
9,STANDING,STANDING,True
9,STANDING,STANDING,True
9,STANDING,STANDING,True
9,STANDING,STANDING,True
9,STANDING,SITTING,False
9,STANDING,SITTING,False
9,STANDING,SITTING,False
9,STANDING,STANDING,True
9,STANDING,STANDING,True
9,STANDING,STANDING,True
9,STANDING,STANDING,True
9,STANDING,STANDING,True
9,STANDING,STANDING,True
9,STANDING,STANDING,True
9,STANDING,STANDING,True
9,STANDING,STANDING,True
9,SITTING,STANDING,False
9,SITTING,STANDING,False
9,SITTING,STANDING,False
9,SITTING,STANDING,False
9,SITTING,WALKING_UPSTAIRS,False
9,SITTING,WALKING_UPSTAIRS,False
9,SITTING,SITTING,True
9,SITTING,LAYING,False
9,SITTING,STANDING,False
9,SITTING,SITTING,True
9,SITTING,SITTING,True
9,SITTING,STANDING,False
9,SITTING,SITTING,True
9,SITTING,SITTING,True
9,SITTING,SITTING,True
9,SITTING,STANDING,False
9,SITTING,STANDING,False
9,SITTING,SITTING,True
9,SITTING,SITTING,True
9,SITTING,STANDING,False
9,SITTING,SITTING,True
9,SITTING,SITTING,True
9,SITTING,SITTING,True
9,SITTING,SITTING,True
9,SITTING,SITTING,True
9,LAYING,LAYING,True
9,LAYING,LAYING,True
9,LAYING,LAYING,True
9,LAYING,LAYING,True
9,LAYING,LAYING,True
9,LAYING,LAYING,True
9,LAYING,LAYING,True
9,LAYING,LAYING,True
9,LAYING,LAYING,True
9,LAYING,LAYING,True
9,LAYING,LAYING,True
9,LAYING,LAYING,True
9,LAYING,LAYING,True
9,LAYING,LAYING,True
9,LAYING,LAYING,True
9,LAYING,LAYING,True
9,LAYING,LAYING,True
9,LAYING,LAYING,True
9,LAYING,LAYING,True
9,LAYING,LAYING,True
9,LAYING,LAYING,True
9,LAYING,LAYING,True
9,LAYING,LAYING,True
9,LAYING,LAYING,True
9,LAYING,LAYING,True
9,LAYING,LAYING,True
9,WALKING,WALKING,True
9,WALKING,WALKING,True
9,WALKING,WALKING,True
9,WALKING,WALKING,True
9,WALKING,WALKING,True
9,WALKING,WALKING,True
9,WALKING,WALKING,True
9,WALKING,WALKING,True
9,WALKING,WALKING,True
9,WALKING,WALKING,True
9,WALKING,WALKING,True
9,WALKING,WALKING,True
9,WALKING,WALKING,True
9,WALKING,WALKING,True
9,WALKING,WALKING,True
9,WALKING,WALKING,True
9,WALKING,WALKING,True
9,WALKING,WALKING,True
9,WALKING,WALKING,True
9,WALKING,WALKING,True
9,WALKING,WALKING,True
9,WALKING,WALKING,True
9,WALKING,WALKING,True
9,WALKING,WALKING,True
9,WALKING,WALKING,True
9,WALKING,WALKING,True
9,WALKING_DOWNSTAIRS,WALKING_DOWNSTAIRS,True
9,WALKING_DOWNSTAIRS,WALKING_DOWNSTAIRS,True
9,WALKING_DOWNSTAIRS,WALKING_DOWNSTAIRS,True
9,WALKING_DOWNSTAIRS,WALKING_DOWNSTAIRS,True
9,WALKING_DOWNSTAIRS,WALKING_DOWNSTAIRS,True
9,WALKING_DOWNSTAIRS,WALKING_DOWNSTAIRS,True
9,WALKING_DOWNSTAIRS,WALKING_DOWNSTAIRS,True
9,WALKING_DOWNSTAIRS,WALKING_DOWNSTAIRS,True
9,WALKING_DOWNSTAIRS,WALKING_DOWNSTAIRS,True
9,WALKING_DOWNSTAIRS,WALKING_DOWNSTAIRS,True
9,WALKING_DOWNSTAIRS,WALKING_DOWNSTAIRS,True
9,WALKING_DOWNSTAIRS,WALKING_DOWNSTAIRS,True
9,WALKING_DOWNSTAIRS,WALKING_DOWNSTAIRS,True
9,WALKING_DOWNSTAIRS,WALKING_DOWNSTAIRS,True
9,WALKING_UPSTAIRS,WALKING_UPSTAIRS,True
9,WALKING_UPSTAIRS,WALKING_UPSTAIRS,True
9,WALKING_UPSTAIRS,WALKING_UPSTAIRS,True
9,WALKING_UPSTAIRS,WALKING_UPSTAIRS,True
9,WALKING_UPSTAIRS,WALKING_UPSTAIRS,True
9,WALKING_UPSTAIRS,WALKING_UPSTAIRS,True
9,WALKING_UPSTAIRS,WALKING_UPSTAIRS,True
9,WALKING_UPSTAIRS,WALKING_UPSTAIRS,True
9,WALKING_UPSTAIRS,WALKING_UPSTAIRS,True
9,WALKING_UPSTAIRS,WALKING_UPSTAIRS,True
9,WALKING_UPSTAIRS,WALKING_UPSTAIRS,True
9,WALKING_UPSTAIRS,WALKING_UPSTAIRS,True
9,WALKING_UPSTAIRS,WALKING_UPSTAIRS,True
9,WALKING_UPSTAIRS,WALKING_UPSTAIRS,True
9,WALKING_UPSTAIRS,WALKING_UPSTAIRS,True
9,WALKING_UPSTAIRS,WALKING_UPSTAIRS,True
9,WALKING_UPSTAIRS,WALKING_UPSTAIRS,True
9,WALKING_UPSTAIRS,WALKING_UPSTAIRS,True
9,WALKING_UPSTAIRS,WALKING_UPSTAIRS,True
9,WALKING_UPSTAIRS,WALKING_UPSTAIRS,True
9,WALKING_UPSTAIRS,WALKING_UPSTAIRS,True
9,WALKING_UPSTAIRS,WALKING_UPSTAIRS,True
9,WALKING_UPSTAIRS,WALKING_UPSTAIRS,True
9,WALKING_DOWNSTAIRS,WALKING_DOWNSTAIRS,True
9,WALKING_DOWNSTAIRS,WALKING_DOWNSTAIRS,True
9,WALKING_DOWNSTAIRS,WALKING_DOWNSTAIRS,True
9,WALKING_DOWNSTAIRS,WALKING_DOWNSTAIRS,True
9,WALKING_DOWNSTAIRS,WALKING_DOWNSTAIRS,True
9,WALKING_DOWNSTAIRS,WALKING_DOWNSTAIRS,True
9,WALKING_DOWNSTAIRS,WALKING_DOWNSTAIRS,True
10,STANDING,STANDING,True
10,STANDING,STANDING,True
10,STANDING,STANDING,True
10,STANDING,STANDING,True
10,STANDING,STANDING,True
10,STANDING,STANDING,True
10,STANDING,STANDING,True
10,STANDING,STANDING,True
10,STANDING,STANDING,True
10,STANDING,STANDING,True
10,STANDING,STANDING,True
10,STANDING,STANDING,True
10,STANDING,STANDING,True
10,STANDING,STANDING,True
10,STANDING,STANDING,True
10,STANDING,STANDING,True
10,STANDING,STANDING,True
10,STANDING,STANDING,True
10,STANDING,STANDING,True
10,STANDING,STANDING,True
10,STANDING,STANDING,True
10,STANDING,STANDING,True
10,STANDING,STANDING,True
10,SITTING,SITTING,True
10,SITTING,SITTING,True
10,SITTING,SITTING,True
10,SITTING,SITTING,True
10,SITTING,SITTING,True
10,SITTING,SITTING,True
10,SITTING,SITTING,True
10,SITTING,SITTING,True
10,SITTING,SITTING,True
10,SITTING,SITTING,True
10,SITTING,SITTING,True
10,SITTING,SITTING,True
10,SITTING,SITTING,True
10,SITTING,SITTING,True
10,SITTING,SITTING,True
10,SITTING,SITTING,True
10,SITTING,SITTING,True
10,SITTING,SITTING,True
10,SITTING,SITTING,True
10,SITTING,SITTING,True
10,SITTING,SITTING,True
10,SITTING,SITTING,True
10,SITTING,SITTING,True
10,SITTING,SITTING,True
10,LAYING,LAYING,True
10,LAYING,LAYING,True
10,LAYING,LAYING,True
10,LAYING,LAYING,True
10,LAYING,LAYING,True
10,LAYING,LAYING,True
10,LAYING,LAYING,True
10,LAYING,LAYING,True
10,LAYING,LAYING,True
10,LAYING,LAYING,True
10,LAYING,LAYING,True
10,LAYING,LAYING,True
10,LAYING,LAYING,True
10,LAYING,LAYING,True
10,LAYING,LAYING,True
10,LAYING,LAYING,True
10,LAYING,LAYING,True
10,LAYING,LAYING,True
10,LAYING,LAYING,True
10,LAYING,LAYING,True
10,LAYING,LAYING,True
10,LAYING,LAYING,True
10,LAYING,LAYING,True
10,LAYING,LAYING,True
10,LAYING,LAYING,True
10,LAYING,LAYING,True
10,LAYING,LAYING,True
10,LAYING,LAYING,True
10,LAYING,LAYING,True
10,LAYING,LAYING,True
10,LAYING,LAYING,True
10,WALKING,WALKING,True
10,WALKING,WALKING,True
10,WALKING,WALKING,True
10,WALKING,WALKING,True
10,WALKING,WALKING,True
10,WALKING,WALKING,True
10,WALKING,WALKING,True
10,WALKING,WALKING,True
10,WALKING,WALKING,True
10,WALKING,WALKING,True
10,WALKING,WALKING,True
10,WALKING,WALKING,True
10,WALKING,WALKING,True
10,WALKING,WALKING,True
10,WALKING,WALKING,True
10,WALKING,WALKING,True
10,WALKING,WALKING,True
10,WALKING,WALKING,True
10,WALKING,WALKING,True
10,WALKING,WALKING,True
10,WALKING,WALKING,True
10,WALKING,WALKING,True
10,WALKING,WALKING,True
10,WALKING,WALKING,True
10,WALKING,WALKING,True
10,WALKING,WALKING,True
10,WALKING,WALKING,True
10,WALKING_DOWNSTAIRS,WALKING_DOWNSTAIRS,True
10,WALKING_DOWNSTAIRS,WALKING_DOWNSTAIRS,True
10,WALKING_DOWNSTAIRS,WALKING_DOWNSTAIRS,True
10,WALKING_DOWNSTAIRS,WALKING_DOWNSTAIRS,True
10,WALKING_DOWNSTAIRS,WALKING_DOWNSTAIRS,True
10,WALKING_DOWNSTAIRS,WALKING_DOWNSTAIRS,True
10,WALKING_DOWNSTAIRS,WALKING_DOWNSTAIRS,True
10,WALKING_DOWNSTAIRS,WALKING_DOWNSTAIRS,True
10,WALKING_DOWNSTAIRS,WALKING_DOWNSTAIRS,True
10,WALKING_DOWNSTAIRS,WALKING_DOWNSTAIRS,True
10,WALKING_DOWNSTAIRS,WALKING_DOWNSTAIRS,True
10,WALKING_DOWNSTAIRS,WALKING_DOWNSTAIRS,True
10,WALKING_DOWNSTAIRS,WALKING_DOWNSTAIRS,True
10,WALKING_DOWNSTAIRS,WALKING_DOWNSTAIRS,True
10,WALKING_DOWNSTAIRS,WALKING_DOWNSTAIRS,True
10,WALKING_DOWNSTAIRS,WALKING_DOWNSTAIRS,True
10,WALKING_DOWNSTAIRS,WALKING_DOWNSTAIRS,True
10,WALKING_DOWNSTAIRS,WALKING_DOWNSTAIRS,True
10,WALKING_DOWNSTAIRS,WALKING_DOWNSTAIRS,True
10,WALKING_UPSTAIRS,WALKING_UPSTAIRS,True
10,WALKING_UPSTAIRS,WALKING_UPSTAIRS,True
10,WALKING_UPSTAIRS,WALKING_UPSTAIRS,True
10,WALKING_UPSTAIRS,WALKING_UPSTAIRS,True
10,WALKING_UPSTAIRS,WALKING_UPSTAIRS,True
10,WALKING_UPSTAIRS,WALKING_UPSTAIRS,True
10,WALKING_UPSTAIRS,WALKING_UPSTAIRS,True
10,WALKING_UPSTAIRS,WALKING_UPSTAIRS,True
10,WALKING_UPSTAIRS,WALKING_UPSTAIRS,True
10,WALKING_UPSTAIRS,WALKING_UPSTAIRS,True
10,WALKING_UPSTAIRS,WALKING_UPSTAIRS,True
10,WALKING_UPSTAIRS,WALKING_UPSTAIRS,True
10,WALKING_UPSTAIRS,WALKING_UPSTAIRS,True
10,WALKING_UPSTAIRS,WALKING_UPSTAIRS,True
10,WALKING_UPSTAIRS,WALKING_UPSTAIRS,True
10,WALKING_UPSTAIRS,WALKING_UPSTAIRS,True
10,WALKING_UPSTAIRS,WALKING_UPSTAIRS,True
10,WALKING_UPSTAIRS,WALKING_UPSTAIRS,True
10,WALKING_UPSTAIRS,WALKING_UPSTAIRS,True
10,WALKING_UPSTAIRS,WALKING_UPSTAIRS,True
10,WALKING_UPSTAIRS,WALKING_UPSTAIRS,True
10,WALKING_UPSTAIRS,WALKING,False
10,WALKING_UPSTAIRS,WALKING_UPSTAIRS,True
10,STANDING,STANDING,True
10,STANDING,SITTING,False
10,STANDING,STANDING,True
10,STANDING,STANDING,True
10,STANDING,STANDING,True
10,STANDING,STANDING,True
10,STANDING,STANDING,True
10,STANDING,STANDING,True
10,STANDING,STANDING,True
10,STANDING,STANDING,True
10,STANDING,STANDING,True
10,STANDING,STANDING,True
10,STANDING,STANDING,True
10,STANDING,STANDING,True
10,STANDING,STANDING,True
10,STANDING,STANDING,True
10,STANDING,STANDING,True
10,STANDING,SITTING,False
10,STANDING,STANDING,True
10,STANDING,STANDING,True
10,STANDING,STANDING,True
10,SITTING,SITTING,True
10,SITTING,SITTING,True
10,SITTING,SITTING,True
10,SITTING,SITTING,True
10,SITTING,STANDING,False
10,SITTING,STANDING,False
10,SITTING,STANDING,False
10,SITTING,STANDING,False
10,SITTING,STANDING,False
10,SITTING,STANDING,False
10,SITTING,STANDING,False
10,SITTING,STANDING,False
10,SITTING,STANDING,False
10,SITTING,STANDING,False
10,SITTING,STANDING,False
10,SITTING,STANDING,False
10,SITTING,STANDING,False
10,SITTING,STANDING,False
10,SITTING,SITTING,True
10,SITTING,SITTING,True
10,SITTING,STANDING,False
10,SITTING,SITTING,True
10,SITTING,STANDING,False
10,SITTING,STANDING,False
10,SITTING,STANDING,False
10,SITTING,SITTING,True
10,SITTING,SITTING,True
10,SITTING,STANDING,False
10,SITTING,SITTING,True
10,SITTING,SITTING,True
10,LAYING,LAYING,True
10,LAYING,LAYING,True
10,LAYING,LAYING,True
10,LAYING,LAYING,True
10,LAYING,LAYING,True
10,LAYING,LAYING,True
10,LAYING,LAYING,True
10,LAYING,LAYING,True
10,LAYING,LAYING,True
10,LAYING,LAYING,True
10,LAYING,LAYING,True
10,LAYING,LAYING,True
10,LAYING,LAYING,True
10,LAYING,LAYING,True
10,LAYING,LAYING,True
10,LAYING,LAYING,True
10,LAYING,LAYING,True
10,LAYING,LAYING,True
10,LAYING,LAYING,True
10,LAYING,STANDING,False
10,LAYING,STANDING,False
10,LAYING,STANDING,False
10,LAYING,LAYING,True
10,LAYING,LAYING,True
10,LAYING,LAYING,True
10,LAYING,LAYING,True
10,LAYING,STANDING,False
10,WALKING,WALKING,True
10,WALKING,WALKING,True
10,WALKING,WALKING,True
10,WALKING,WALKING,True
10,WALKING,WALKING,True
10,WALKING,WALKING,True
10,WALKING,WALKING,True
10,WALKING,WALKING,True
10,WALKING,WALKING,True
10,WALKING,WALKING,True
10,WALKING,WALKING,True
10,WALKING,WALKING,True
10,WALKING,WALKING,True
10,WALKING,WALKING,True
10,WALKING,WALKING,True
10,WALKING,WALKING,True
10,WALKING,WALKING,True
10,WALKING,WALKING,True
10,WALKING,WALKING,True
10,WALKING,WALKING_DOWNSTAIRS,False
10,WALKING,WALKING_DOWNSTAIRS,False
10,WALKING,WALKING,True
10,WALKING,WALKING,True
10,WALKING,WALKING,True
10,WALKING,WALKING,True
10,WALKING,WALKING,True
10,WALKING_DOWNSTAIRS,WALKING_DOWNSTAIRS,True
10,WALKING_DOWNSTAIRS,WALKING_DOWNSTAIRS,True
10,WALKING_DOWNSTAIRS,WALKING_DOWNSTAIRS,True
10,WALKING_DOWNSTAIRS,WALKING_DOWNSTAIRS,True
10,WALKING_DOWNSTAIRS,WALKING_DOWNSTAIRS,True
10,WALKING_DOWNSTAIRS,WALKING_DOWNSTAIRS,True
10,WALKING_DOWNSTAIRS,WALKING_DOWNSTAIRS,True
10,WALKING_DOWNSTAIRS,WALKING_DOWNSTAIRS,True
10,WALKING_DOWNSTAIRS,WALKING_DOWNSTAIRS,True
10,WALKING_DOWNSTAIRS,WALKING_DOWNSTAIRS,True
10,WALKING_DOWNSTAIRS,WALKING_DOWNSTAIRS,True
10,WALKING_DOWNSTAIRS,WALKING_DOWNSTAIRS,True
10,WALKING_DOWNSTAIRS,WALKING_DOWNSTAIRS,True
10,WALKING_DOWNSTAIRS,WALKING_DOWNSTAIRS,True
10,WALKING_DOWNSTAIRS,WALKING_DOWNSTAIRS,True
10,WALKING_DOWNSTAIRS,WALKING_DOWNSTAIRS,True
10,WALKING_DOWNSTAIRS,WALKING_DOWNSTAIRS,True
10,WALKING_DOWNSTAIRS,WALKING_DOWNSTAIRS,True
10,WALKING_DOWNSTAIRS,WALKING_DOWNSTAIRS,True
10,WALKING_UPSTAIRS,WALKING_UPSTAIRS,True
10,WALKING_UPSTAIRS,WALKING_UPSTAIRS,True
10,WALKING_UPSTAIRS,WALKING,False
10,WALKING_UPSTAIRS,WALKING,False
10,WALKING_UPSTAIRS,WALKING,False
10,WALKING_UPSTAIRS,WALKING,False
10,WALKING_UPSTAIRS,WALKING,False
10,WALKING_UPSTAIRS,WALKING_UPSTAIRS,True
10,WALKING_UPSTAIRS,WALKING_UPSTAIRS,True
10,WALKING_UPSTAIRS,WALKING_UPSTAIRS,True
10,WALKING_UPSTAIRS,WALKING,False
10,WALKING_UPSTAIRS,WALKING,False
10,WALKING_UPSTAIRS,WALKING,False
10,WALKING_UPSTAIRS,WALKING,False
10,WALKING_UPSTAIRS,WALKING_UPSTAIRS,True
10,WALKING_UPSTAIRS,WALKING_UPSTAIRS,True
10,WALKING_UPSTAIRS,WALKING_UPSTAIRS,True
10,WALKING_UPSTAIRS,WALKING,False
10,WALKING_UPSTAIRS,WALKING,False
10,WALKING_UPSTAIRS,WALKING,False
10,WALKING_UPSTAIRS,WALKING,False
10,WALKING_UPSTAIRS,WALKING_UPSTAIRS,True
10,WALKING_UPSTAIRS,WALKING_UPSTAIRS,True
10,WALKING_UPSTAIRS,WALKING_UPSTAIRS,True
12,STANDING,STANDING,True
12,STANDING,STANDING,True
12,STANDING,STANDING,True
12,STANDING,STANDING,True
12,STANDING,STANDING,True
12,STANDING,STANDING,True
12,STANDING,STANDING,True
12,STANDING,STANDING,True
12,STANDING,STANDING,True
12,STANDING,STANDING,True
12,STANDING,STANDING,True
12,STANDING,STANDING,True
12,STANDING,STANDING,True
12,STANDING,STANDING,True
12,STANDING,STANDING,True
12,STANDING,STANDING,True
12,STANDING,STANDING,True
12,STANDING,STANDING,True
12,STANDING,STANDING,True
12,STANDING,STANDING,True
12,STANDING,STANDING,True
12,STANDING,STANDING,True
12,STANDING,STANDING,True
12,STANDING,STANDING,True
12,STANDING,STANDING,True
12,STANDING,STANDING,True
12,STANDING,STANDING,True
12,SITTING,SITTING,True
12,SITTING,SITTING,True
12,SITTING,SITTING,True
12,SITTING,SITTING,True
12,SITTING,SITTING,True
12,SITTING,SITTING,True
12,SITTING,SITTING,True
12,SITTING,SITTING,True
12,SITTING,SITTING,True
12,SITTING,SITTING,True
12,SITTING,SITTING,True
12,SITTING,SITTING,True
12,SITTING,STANDING,False
12,SITTING,SITTING,True
12,SITTING,SITTING,True
12,SITTING,STANDING,False
12,SITTING,SITTING,True
12,SITTING,SITTING,True
12,SITTING,SITTING,True
12,SITTING,SITTING,True
12,SITTING,SITTING,True
12,SITTING,SITTING,True
12,SITTING,SITTING,True
12,SITTING,STANDING,False
12,SITTING,STANDING,False
12,SITTING,STANDING,False
12,SITTING,STANDING,False
12,SITTING,STANDING,False
12,LAYING,LAYING,True
12,LAYING,LAYING,True
12,LAYING,LAYING,True
12,LAYING,LAYING,True
12,LAYING,LAYING,True
12,LAYING,LAYING,True
12,LAYING,LAYING,True
12,LAYING,LAYING,True
12,LAYING,LAYING,True
12,LAYING,LAYING,True
12,LAYING,LAYING,True
12,LAYING,LAYING,True
12,LAYING,LAYING,True
12,LAYING,LAYING,True
12,LAYING,LAYING,True
12,LAYING,LAYING,True
12,LAYING,LAYING,True
12,LAYING,LAYING,True
12,LAYING,LAYING,True
12,LAYING,LAYING,True
12,LAYING,LAYING,True
12,LAYING,LAYING,True
12,LAYING,LAYING,True
12,LAYING,LAYING,True
12,LAYING,LAYING,True
12,LAYING,LAYING,True
12,LAYING,LAYING,True
12,WALKING,WALKING_DOWNSTAIRS,False
12,WALKING,WALKING,True
12,WALKING,WALKING,True
12,WALKING,WALKING,True
12,WALKING,WALKING,True
12,WALKING,WALKING,True
12,WALKING,WALKING,True
12,WALKING,WALKING,True
12,WALKING,WALKING,True
12,WALKING,WALKING,True
12,WALKING,WALKING,True
12,WALKING,WALKING,True
12,WALKING,WALKING,True
12,WALKING,WALKING,True
12,WALKING,WALKING,True
12,WALKING,WALKING,True
12,WALKING,WALKING,True
12,WALKING,WALKING,True
12,WALKING,WALKING,True
12,WALKING,WALKING,True
12,WALKING,WALKING,True
12,WALKING,WALKING,True
12,WALKING,WALKING,True
12,WALKING,WALKING,True
12,WALKING,WALKING,True
12,WALKING,WALKING,True
12,WALKING,WALKING,True
12,WALKING_DOWNSTAIRS,WALKING_DOWNSTAIRS,True
12,WALKING_DOWNSTAIRS,WALKING_DOWNSTAIRS,True
12,WALKING_DOWNSTAIRS,WALKING_DOWNSTAIRS,True
12,WALKING_DOWNSTAIRS,WALKING_DOWNSTAIRS,True
12,WALKING_DOWNSTAIRS,WALKING_DOWNSTAIRS,True
12,WALKING_DOWNSTAIRS,WALKING_DOWNSTAIRS,True
12,WALKING_DOWNSTAIRS,WALKING_DOWNSTAIRS,True
12,WALKING_DOWNSTAIRS,WALKING_DOWNSTAIRS,True
12,WALKING_DOWNSTAIRS,WALKING_DOWNSTAIRS,True
12,WALKING_DOWNSTAIRS,WALKING_DOWNSTAIRS,True
12,WALKING_DOWNSTAIRS,WALKING_DOWNSTAIRS,True
12,WALKING_DOWNSTAIRS,WALKING_DOWNSTAIRS,True
12,WALKING_DOWNSTAIRS,WALKING_DOWNSTAIRS,True
12,WALKING_DOWNSTAIRS,WALKING_DOWNSTAIRS,True
12,WALKING_DOWNSTAIRS,WALKING_DOWNSTAIRS,True
12,WALKING_DOWNSTAIRS,WALKING_DOWNSTAIRS,True
12,WALKING_DOWNSTAIRS,WALKING_DOWNSTAIRS,True
12,WALKING_DOWNSTAIRS,WALKING_DOWNSTAIRS,True
12,WALKING_DOWNSTAIRS,WALKING_DOWNSTAIRS,True
12,WALKING_DOWNSTAIRS,WALKING_DOWNSTAIRS,True
12,WALKING_DOWNSTAIRS,WALKING,False
12,WALKING_DOWNSTAIRS,WALKING_DOWNSTAIRS,True
12,WALKING_DOWNSTAIRS,WALKING_DOWNSTAIRS,True
12,WALKING_DOWNSTAIRS,WALKING_DOWNSTAIRS,True
12,WALKING_DOWNSTAIRS,WALKING_DOWNSTAIRS,True
12,WALKING_UPSTAIRS,WALKING_UPSTAIRS,True
12,WALKING_UPSTAIRS,WALKING_UPSTAIRS,True
12,WALKING_UPSTAIRS,WALKING_UPSTAIRS,True
12,WALKING_UPSTAIRS,WALKING_UPSTAIRS,True
12,WALKING_UPSTAIRS,WALKING_UPSTAIRS,True
12,WALKING_UPSTAIRS,WALKING_UPSTAIRS,True
12,WALKING_UPSTAIRS,WALKING_UPSTAIRS,True
12,WALKING_UPSTAIRS,WALKING_UPSTAIRS,True
12,WALKING_UPSTAIRS,WALKING_UPSTAIRS,True
12,WALKING_UPSTAIRS,WALKING_UPSTAIRS,True
12,WALKING_UPSTAIRS,WALKING_UPSTAIRS,True
12,WALKING_UPSTAIRS,WALKING_UPSTAIRS,True
12,WALKING_UPSTAIRS,WALKING_UPSTAIRS,True
12,WALKING_UPSTAIRS,WALKING_UPSTAIRS,True
12,WALKING_UPSTAIRS,WALKING_UPSTAIRS,True
12,WALKING_UPSTAIRS,WALKING_UPSTAIRS,True
12,WALKING_UPSTAIRS,WALKING_UPSTAIRS,True
12,WALKING_UPSTAIRS,WALKING_UPSTAIRS,True
12,WALKING_UPSTAIRS,WALKING_UPSTAIRS,True
12,WALKING_UPSTAIRS,WALKING_UPSTAIRS,True
12,WALKING_UPSTAIRS,WALKING_UPSTAIRS,True
12,WALKING_UPSTAIRS,WALKING_UPSTAIRS,True
12,WALKING_UPSTAIRS,WALKING_UPSTAIRS,True
12,WALKING_UPSTAIRS,WALKING_UPSTAIRS,True
12,WALKING_UPSTAIRS,WALKING_UPSTAIRS,True
12,WALKING_UPSTAIRS,WALKING_UPSTAIRS,True
12,WALKING_UPSTAIRS,WALKING_UPSTAIRS,True
12,STANDING,STANDING,True
12,STANDING,STANDING,True
12,STANDING,STANDING,True
12,STANDING,STANDING,True
12,STANDING,STANDING,True
12,STANDING,STANDING,True
12,STANDING,STANDING,True
12,STANDING,STANDING,True
12,STANDING,STANDING,True
12,STANDING,STANDING,True
12,STANDING,STANDING,True
12,STANDING,STANDING,True
12,STANDING,STANDING,True
12,STANDING,STANDING,True
12,STANDING,STANDING,True
12,STANDING,STANDING,True
12,STANDING,STANDING,True
12,STANDING,STANDING,True
12,STANDING,STANDING,True
12,STANDING,STANDING,True
12,STANDING,STANDING,True
12,STANDING,STANDING,True
12,STANDING,STANDING,True
12,STANDING,STANDING,True
12,STANDING,STANDING,True
12,STANDING,STANDING,True
12,STANDING,STANDING,True
12,STANDING,STANDING,True
12,STANDING,STANDING,True
12,STANDING,STANDING,True
12,STANDING,STANDING,True
12,STANDING,STANDING,True
12,STANDING,STANDING,True
12,STANDING,STANDING,True
12,SITTING,SITTING,True
12,SITTING,SITTING,True
12,SITTING,SITTING,True
12,SITTING,SITTING,True
12,SITTING,STANDING,False
12,SITTING,STANDING,False
12,SITTING,SITTING,True
12,SITTING,STANDING,False
12,SITTING,SITTING,True
12,SITTING,SITTING,True
12,SITTING,SITTING,True
12,SITTING,SITTING,True
12,SITTING,SITTING,True
12,SITTING,SITTING,True
12,SITTING,STANDING,False
12,SITTING,SITTING,True
12,SITTING,SITTING,True
12,SITTING,STANDING,False
12,SITTING,STANDING,False
12,SITTING,STANDING,False
12,SITTING,SITTING,True
12,SITTING,SITTING,True
12,SITTING,SITTING,True
12,LAYING,LAYING,True
12,LAYING,LAYING,True
12,LAYING,LAYING,True
12,LAYING,LAYING,True
12,LAYING,LAYING,True
12,LAYING,LAYING,True
12,LAYING,LAYING,True
12,LAYING,LAYING,True
12,LAYING,LAYING,True
12,LAYING,LAYING,True
12,LAYING,LAYING,True
12,LAYING,LAYING,True
12,LAYING,LAYING,True
12,LAYING,LAYING,True
12,LAYING,LAYING,True
12,LAYING,LAYING,True
12,LAYING,LAYING,True
12,LAYING,LAYING,True
12,LAYING,LAYING,True
12,LAYING,LAYING,True
12,LAYING,LAYING,True
12,LAYING,LAYING,True
12,LAYING,LAYING,True
12,LAYING,LAYING,True
12,LAYING,LAYING,True
12,LAYING,LAYING,True
12,LAYING,LAYING,True
12,LAYING,LAYING,True
12,LAYING,LAYING,True
12,LAYING,LAYING,True
12,LAYING,LAYING,True
12,LAYING,LAYING,True
12,LAYING,LAYING,True
12,WALKING,WALKING,True
12,WALKING,WALKING,True
12,WALKING,WALKING,True
12,WALKING,WALKING,True
12,WALKING,WALKING,True
12,WALKING,WALKING,True
12,WALKING,WALKING,True
12,WALKING,WALKING,True
12,WALKING,WALKING,True
12,WALKING,WALKING,True
12,WALKING,WALKING,True
12,WALKING,WALKING,True
12,WALKING,WALKING,True
12,WALKING,WALKING,True
12,WALKING,WALKING,True
12,WALKING,WALKING,True
12,WALKING,WALKING,True
12,WALKING,WALKING,True
12,WALKING,WALKING,True
12,WALKING,WALKING,True
12,WALKING,WALKING,True
12,WALKING,WALKING,True
12,WALKING,WALKING,True
12,WALKING_DOWNSTAIRS,WALKING_DOWNSTAIRS,True
12,WALKING_DOWNSTAIRS,WALKING_DOWNSTAIRS,True
12,WALKING_DOWNSTAIRS,WALKING_DOWNSTAIRS,True
12,WALKING_DOWNSTAIRS,WALKING_DOWNSTAIRS,True
12,WALKING_DOWNSTAIRS,WALKING_DOWNSTAIRS,True
12,WALKING_DOWNSTAIRS,WALKING_DOWNSTAIRS,True
12,WALKING_DOWNSTAIRS,WALKING_DOWNSTAIRS,True
12,WALKING_DOWNSTAIRS,WALKING_DOWNSTAIRS,True
12,WALKING_DOWNSTAIRS,WALKING_DOWNSTAIRS,True
12,WALKING_DOWNSTAIRS,WALKING_DOWNSTAIRS,True
12,WALKING_DOWNSTAIRS,WALKING,False
12,WALKING_DOWNSTAIRS,WALKING,False
12,WALKING_DOWNSTAIRS,WALKING_DOWNSTAIRS,True
12,WALKING_DOWNSTAIRS,WALKING_DOWNSTAIRS,True
12,WALKING_DOWNSTAIRS,WALKING_DOWNSTAIRS,True
12,WALKING_DOWNSTAIRS,WALKING_DOWNSTAIRS,True
12,WALKING_DOWNSTAIRS,WALKING_DOWNSTAIRS,True
12,WALKING_DOWNSTAIRS,WALKING_DOWNSTAIRS,True
12,WALKING_DOWNSTAIRS,WALKING_DOWNSTAIRS,True
12,WALKING_DOWNSTAIRS,WALKING_DOWNSTAIRS,True
12,WALKING_DOWNSTAIRS,WALKING_DOWNSTAIRS,True
12,WALKING_UPSTAIRS,WALKING_UPSTAIRS,True
12,WALKING_UPSTAIRS,WALKING_UPSTAIRS,True
12,WALKING_UPSTAIRS,WALKING_UPSTAIRS,True
12,WALKING_UPSTAIRS,WALKING_UPSTAIRS,True
12,WALKING_UPSTAIRS,WALKING_UPSTAIRS,True
12,WALKING_UPSTAIRS,WALKING_UPSTAIRS,True
12,WALKING_UPSTAIRS,WALKING_UPSTAIRS,True
12,WALKING_UPSTAIRS,WALKING_UPSTAIRS,True
12,WALKING_UPSTAIRS,WALKING_UPSTAIRS,True
12,WALKING_UPSTAIRS,WALKING_UPSTAIRS,True
12,WALKING_UPSTAIRS,WALKING_UPSTAIRS,True
12,WALKING_UPSTAIRS,WALKING_UPSTAIRS,True
12,WALKING_UPSTAIRS,WALKING_UPSTAIRS,True
12,WALKING_UPSTAIRS,WALKING_UPSTAIRS,True
12,WALKING_UPSTAIRS,WALKING_UPSTAIRS,True
12,WALKING_UPSTAIRS,WALKING_UPSTAIRS,True
12,WALKING_UPSTAIRS,WALKING_UPSTAIRS,True
12,WALKING_UPSTAIRS,WALKING_UPSTAIRS,True
12,WALKING_UPSTAIRS,WALKING_UPSTAIRS,True
12,WALKING_UPSTAIRS,WALKING_UPSTAIRS,True
12,WALKING_UPSTAIRS,WALKING_UPSTAIRS,True
12,WALKING_UPSTAIRS,WALKING_UPSTAIRS,True
12,WALKING_UPSTAIRS,WALKING_UPSTAIRS,True
12,WALKING_UPSTAIRS,WALKING_UPSTAIRS,True
12,WALKING_UPSTAIRS,WALKING_UPSTAIRS,True
13,STANDING,STANDING,True
13,STANDING,STANDING,True
13,STANDING,STANDING,True
13,STANDING,STANDING,True
13,STANDING,STANDING,True
13,STANDING,STANDING,True
13,STANDING,STANDING,True
13,STANDING,STANDING,True
13,STANDING,STANDING,True
13,STANDING,STANDING,True
13,STANDING,STANDING,True
13,STANDING,STANDING,True
13,STANDING,STANDING,True
13,STANDING,STANDING,True
13,STANDING,STANDING,True
13,STANDING,STANDING,True
13,STANDING,STANDING,True
13,STANDING,STANDING,True
13,STANDING,STANDING,True
13,STANDING,STANDING,True
13,STANDING,STANDING,True
13,STANDING,STANDING,True
13,STANDING,STANDING,True
13,STANDING,STANDING,True
13,STANDING,STANDING,True
13,STANDING,STANDING,True
13,STANDING,STANDING,True
13,SITTING,SITTING,True
13,SITTING,SITTING,True
13,SITTING,SITTING,True
13,SITTING,SITTING,True
13,SITTING,SITTING,True
13,SITTING,SITTING,True
13,SITTING,SITTING,True
13,SITTING,SITTING,True
13,SITTING,SITTING,True
13,SITTING,SITTING,True
13,SITTING,SITTING,True
13,SITTING,SITTING,True
13,SITTING,SITTING,True
13,SITTING,SITTING,True
13,SITTING,SITTING,True
13,SITTING,SITTING,True
13,SITTING,SITTING,True
13,SITTING,SITTING,True
13,SITTING,SITTING,True
13,SITTING,SITTING,True
13,SITTING,SITTING,True
13,SITTING,SITTING,True
13,SITTING,SITTING,True
13,SITTING,SITTING,True
13,LAYING,LAYING,True
13,LAYING,LAYING,True
13,LAYING,LAYING,True
13,LAYING,LAYING,True
13,LAYING,LAYING,True
13,LAYING,LAYING,True
13,LAYING,LAYING,True
13,LAYING,LAYING,True
13,LAYING,LAYING,True
13,LAYING,LAYING,True
13,LAYING,LAYING,True
13,LAYING,LAYING,True
13,LAYING,LAYING,True
13,LAYING,LAYING,True
13,LAYING,LAYING,True
13,LAYING,LAYING,True
13,LAYING,LAYING,True
13,LAYING,LAYING,True
13,LAYING,LAYING,True
13,LAYING,LAYING,True
13,LAYING,LAYING,True
13,LAYING,LAYING,True
13,LAYING,LAYING,True
13,LAYING,LAYING,True
13,LAYING,LAYING,True
13,LAYING,LAYING,True
13,LAYING,LAYING,True
13,LAYING,LAYING,True
13,LAYING,LAYING,True
13,LAYING,LAYING,True
13,LAYING,LAYING,True
13,LAYING,LAYING,True
13,LAYING,LAYING,True
13,WALKING,WALKING,True
13,WALKING,WALKING,True
13,WALKING,WALKING,True
13,WALKING,WALKING,True
13,WALKING,WALKING,True
13,WALKING,WALKING,True
13,WALKING,WALKING,True
13,WALKING,WALKING,True
13,WALKING,WALKING,True
13,WALKING,WALKING,True
13,WALKING,WALKING,True
13,WALKING,WALKING,True
13,WALKING,WALKING,True
13,WALKING,WALKING,True
13,WALKING,WALKING,True
13,WALKING,WALKING,True
13,WALKING,WALKING,True
13,WALKING,WALKING,True
13,WALKING,WALKING,True
13,WALKING,WALKING,True
13,WALKING,WALKING,True
13,WALKING,WALKING,True
13,WALKING,WALKING,True
13,WALKING,WALKING,True
13,WALKING,WALKING,True
13,WALKING,WALKING,True
13,WALKING,WALKING,True
13,WALKING,WALKING,True
13,WALKING,WALKING,True
13,WALKING,WALKING,True
13,WALKING_DOWNSTAIRS,WALKING_DOWNSTAIRS,True
13,WALKING_DOWNSTAIRS,WALKING,False
13,WALKING_DOWNSTAIRS,WALKING,False
13,WALKING_DOWNSTAIRS,WALKING_DOWNSTAIRS,True
13,WALKING_DOWNSTAIRS,WALKING_DOWNSTAIRS,True
13,WALKING_DOWNSTAIRS,WALKING_DOWNSTAIRS,True
13,WALKING_DOWNSTAIRS,WALKING_DOWNSTAIRS,True
13,WALKING_DOWNSTAIRS,WALKING_DOWNSTAIRS,True
13,WALKING_DOWNSTAIRS,WALKING_DOWNSTAIRS,True
13,WALKING_DOWNSTAIRS,WALKING_DOWNSTAIRS,True
13,WALKING_DOWNSTAIRS,WALKING_DOWNSTAIRS,True
13,WALKING_DOWNSTAIRS,WALKING_DOWNSTAIRS,True
13,WALKING_DOWNSTAIRS,WALKING_DOWNSTAIRS,True
13,WALKING_DOWNSTAIRS,WALKING_DOWNSTAIRS,True
13,WALKING_DOWNSTAIRS,WALKING_DOWNSTAIRS,True
13,WALKING_DOWNSTAIRS,WALKING_DOWNSTAIRS,True
13,WALKING_DOWNSTAIRS,WALKING_DOWNSTAIRS,True
13,WALKING_DOWNSTAIRS,WALKING_DOWNSTAIRS,True
13,WALKING_DOWNSTAIRS,WALKING_DOWNSTAIRS,True
13,WALKING_DOWNSTAIRS,WALKING_DOWNSTAIRS,True
13,WALKING_DOWNSTAIRS,WALKING_DOWNSTAIRS,True
13,WALKING_DOWNSTAIRS,WALKING_DOWNSTAIRS,True
13,WALKING_DOWNSTAIRS,WALKING_DOWNSTAIRS,True
13,WALKING_DOWNSTAIRS,WALKING_DOWNSTAIRS,True
13,WALKING_DOWNSTAIRS,WALKING_DOWNSTAIRS,True
13,WALKING_DOWNSTAIRS,WALKING_DOWNSTAIRS,True
13,WALKING_DOWNSTAIRS,WALKING_DOWNSTAIRS,True
13,WALKING_UPSTAIRS,WALKING_UPSTAIRS,True
13,WALKING_UPSTAIRS,WALKING_UPSTAIRS,True
13,WALKING_UPSTAIRS,WALKING_UPSTAIRS,True
13,WALKING_UPSTAIRS,WALKING_UPSTAIRS,True
13,WALKING_UPSTAIRS,WALKING_UPSTAIRS,True
13,WALKING_UPSTAIRS,WALKING_UPSTAIRS,True
13,WALKING_UPSTAIRS,WALKING_UPSTAIRS,True
13,WALKING_UPSTAIRS,WALKING_UPSTAIRS,True
13,WALKING_UPSTAIRS,WALKING_UPSTAIRS,True
13,WALKING_UPSTAIRS,WALKING_UPSTAIRS,True
13,WALKING_UPSTAIRS,WALKING_UPSTAIRS,True
13,WALKING_UPSTAIRS,WALKING_UPSTAIRS,True
13,WALKING_UPSTAIRS,WALKING_UPSTAIRS,True
13,WALKING_UPSTAIRS,WALKING_UPSTAIRS,True
13,WALKING_UPSTAIRS,WALKING_UPSTAIRS,True
13,WALKING_UPSTAIRS,WALKING_UPSTAIRS,True
13,WALKING_UPSTAIRS,WALKING_UPSTAIRS,True
13,WALKING_UPSTAIRS,WALKING_UPSTAIRS,True
13,WALKING_UPSTAIRS,WALKING_UPSTAIRS,True
13,WALKING_UPSTAIRS,WALKING_UPSTAIRS,True
13,WALKING_UPSTAIRS,WALKING_UPSTAIRS,True
13,WALKING_UPSTAIRS,WALKING_UPSTAIRS,True
13,WALKING_UPSTAIRS,WALKING_UPSTAIRS,True
13,WALKING_UPSTAIRS,WALKING_UPSTAIRS,True
13,WALKING_UPSTAIRS,WALKING_UPSTAIRS,True
13,WALKING_UPSTAIRS,WALKING_UPSTAIRS,True
13,WALKING_UPSTAIRS,WALKING_UPSTAIRS,True
13,WALKING_UPSTAIRS,WALKING_UPSTAIRS,True
13,WALKING_UPSTAIRS,WALKING_UPSTAIRS,True
13,WALKING_UPSTAIRS,WALKING_UPSTAIRS,True
13,WALKING_UPSTAIRS,WALKING_UPSTAIRS,True
13,STANDING,STANDING,True
13,STANDING,STANDING,True
13,STANDING,STANDING,True
13,STANDING,STANDING,True
13,STANDING,STANDING,True
13,STANDING,STANDING,True
13,STANDING,STANDING,True
13,STANDING,STANDING,True
13,STANDING,STANDING,True
13,STANDING,STANDING,True
13,STANDING,STANDING,True
13,STANDING,STANDING,True
13,STANDING,STANDING,True
13,STANDING,STANDING,True
13,STANDING,STANDING,True
13,STANDING,STANDING,True
13,STANDING,STANDING,True
13,STANDING,STANDING,True
13,STANDING,STANDING,True
13,STANDING,STANDING,True
13,STANDING,STANDING,True
13,STANDING,STANDING,True
13,STANDING,STANDING,True
13,STANDING,STANDING,True
13,STANDING,STANDING,True
13,STANDING,STANDING,True
13,STANDING,STANDING,True
13,STANDING,STANDING,True
13,STANDING,STANDING,True
13,STANDING,STANDING,True
13,SITTING,SITTING,True
13,SITTING,SITTING,True
13,SITTING,SITTING,True
13,SITTING,SITTING,True
13,SITTING,SITTING,True
13,SITTING,SITTING,True
13,SITTING,SITTING,True
13,SITTING,SITTING,True
13,SITTING,SITTING,True
13,SITTING,SITTING,True
13,SITTING,SITTING,True
13,SITTING,SITTING,True
13,SITTING,SITTING,True
13,SITTING,SITTING,True
13,SITTING,SITTING,True
13,SITTING,SITTING,True
13,SITTING,SITTING,True
13,SITTING,SITTING,True
13,SITTING,SITTING,True
13,SITTING,SITTING,True
13,SITTING,SITTING,True
13,SITTING,SITTING,True
13,SITTING,SITTING,True
13,SITTING,SITTING,True
13,SITTING,SITTING,True
13,LAYING,LAYING,True
13,LAYING,LAYING,True
13,LAYING,LAYING,True
13,LAYING,LAYING,True
13,LAYING,LAYING,True
13,LAYING,LAYING,True
13,LAYING,LAYING,True
13,LAYING,LAYING,True
13,LAYING,LAYING,True
13,LAYING,LAYING,True
13,LAYING,LAYING,True
13,LAYING,LAYING,True
13,LAYING,LAYING,True
13,LAYING,LAYING,True
13,LAYING,LAYING,True
13,LAYING,LAYING,True
13,LAYING,LAYING,True
13,LAYING,LAYING,True
13,LAYING,LAYING,True
13,LAYING,LAYING,True
13,LAYING,LAYING,True
13,LAYING,LAYING,True
13,LAYING,LAYING,True
13,LAYING,LAYING,True
13,LAYING,LAYING,True
13,LAYING,LAYING,True
13,LAYING,LAYING,True
13,LAYING,LAYING,True
13,LAYING,LAYING,True
13,WALKING,WALKING,True
13,WALKING,WALKING,True
13,WALKING,WALKING,True
13,WALKING,WALKING,True
13,WALKING,WALKING,True
13,WALKING,WALKING,True
13,WALKING,WALKING,True
13,WALKING,WALKING,True
13,WALKING,WALKING,True
13,WALKING,WALKING,True
13,WALKING,WALKING,True
13,WALKING,WALKING,True
13,WALKING,WALKING,True
13,WALKING,WALKING,True
13,WALKING,WALKING,True
13,WALKING,WALKING,True
13,WALKING,WALKING,True
13,WALKING,WALKING,True
13,WALKING,WALKING,True
13,WALKING,WALKING,True
13,WALKING,WALKING,True
13,WALKING,WALKING,True
13,WALKING,WALKING,True
13,WALKING,WALKING,True
13,WALKING,WALKING,True
13,WALKING,WALKING,True
13,WALKING,WALKING,True
13,WALKING_DOWNSTAIRS,WALKING_DOWNSTAIRS,True
13,WALKING_DOWNSTAIRS,WALKING_DOWNSTAIRS,True
13,WALKING_DOWNSTAIRS,WALKING_DOWNSTAIRS,True
13,WALKING_DOWNSTAIRS,WALKING_DOWNSTAIRS,True
13,WALKING_DOWNSTAIRS,WALKING_DOWNSTAIRS,True
13,WALKING_DOWNSTAIRS,WALKING_DOWNSTAIRS,True
13,WALKING_DOWNSTAIRS,WALKING_DOWNSTAIRS,True
13,WALKING_DOWNSTAIRS,WALKING_DOWNSTAIRS,True
13,WALKING_DOWNSTAIRS,WALKING_DOWNSTAIRS,True
13,WALKING_DOWNSTAIRS,WALKING_DOWNSTAIRS,True
13,WALKING_DOWNSTAIRS,WALKING_DOWNSTAIRS,True
13,WALKING_DOWNSTAIRS,WALKING_DOWNSTAIRS,True
13,WALKING_DOWNSTAIRS,WALKING_DOWNSTAIRS,True
13,WALKING_DOWNSTAIRS,WALKING,False
13,WALKING_DOWNSTAIRS,WALKING_DOWNSTAIRS,True
13,WALKING_DOWNSTAIRS,WALKING_DOWNSTAIRS,True
13,WALKING_DOWNSTAIRS,WALKING_DOWNSTAIRS,True
13,WALKING_DOWNSTAIRS,WALKING_DOWNSTAIRS,True
13,WALKING_DOWNSTAIRS,WALKING_DOWNSTAIRS,True
13,WALKING_DOWNSTAIRS,WALKING_DOWNSTAIRS,True
13,WALKING_UPSTAIRS,WALKING_UPSTAIRS,True
13,WALKING_UPSTAIRS,WALKING_UPSTAIRS,True
13,WALKING_UPSTAIRS,WALKING_UPSTAIRS,True
13,WALKING_UPSTAIRS,WALKING_UPSTAIRS,True
13,WALKING_UPSTAIRS,WALKING_UPSTAIRS,True
13,WALKING_UPSTAIRS,WALKING_UPSTAIRS,True
13,WALKING_UPSTAIRS,WALKING_UPSTAIRS,True
13,WALKING_UPSTAIRS,WALKING_UPSTAIRS,True
13,WALKING_UPSTAIRS,WALKING_UPSTAIRS,True
13,WALKING_UPSTAIRS,WALKING_UPSTAIRS,True
13,WALKING_UPSTAIRS,WALKING_UPSTAIRS,True
13,WALKING_UPSTAIRS,WALKING_UPSTAIRS,True
13,WALKING_UPSTAIRS,WALKING_UPSTAIRS,True
13,WALKING_UPSTAIRS,WALKING_UPSTAIRS,True
13,WALKING_UPSTAIRS,WALKING_UPSTAIRS,True
13,WALKING_UPSTAIRS,WALKING_UPSTAIRS,True
13,WALKING_UPSTAIRS,WALKING_UPSTAIRS,True
13,WALKING_UPSTAIRS,WALKING_UPSTAIRS,True
13,WALKING_UPSTAIRS,WALKING_UPSTAIRS,True
13,WALKING_UPSTAIRS,WALKING_UPSTAIRS,True
13,WALKING_UPSTAIRS,WALKING_UPSTAIRS,True
13,WALKING_UPSTAIRS,WALKING_UPSTAIRS,True
13,WALKING_UPSTAIRS,WALKING_UPSTAIRS,True
13,WALKING_UPSTAIRS,WALKING_UPSTAIRS,True
18,STANDING,STANDING,True
18,STANDING,STANDING,True
18,STANDING,STANDING,True
18,STANDING,STANDING,True
18,STANDING,STANDING,True
18,STANDING,STANDING,True
18,STANDING,STANDING,True
18,STANDING,STANDING,True
18,STANDING,STANDING,True
18,STANDING,STANDING,True
18,STANDING,STANDING,True
18,STANDING,STANDING,True
18,STANDING,STANDING,True
18,STANDING,STANDING,True
18,STANDING,STANDING,True
18,STANDING,STANDING,True
18,STANDING,STANDING,True
18,STANDING,STANDING,True
18,STANDING,STANDING,True
18,STANDING,STANDING,True
18,STANDING,STANDING,True
18,STANDING,STANDING,True
18,STANDING,STANDING,True
18,STANDING,STANDING,True
18,STANDING,STANDING,True
18,STANDING,STANDING,True
18,STANDING,STANDING,True
18,STANDING,STANDING,True
18,STANDING,STANDING,True
18,STANDING,STANDING,True
18,STANDING,STANDING,True
18,STANDING,STANDING,True
18,STANDING,STANDING,True
18,STANDING,STANDING,True
18,STANDING,STANDING,True
18,STANDING,STANDING,True
18,STANDING,STANDING,True
18,STANDING,STANDING,True
18,STANDING,STANDING,True
18,STANDING,STANDING,True
18,SITTING,SITTING,True
18,SITTING,SITTING,True
18,SITTING,SITTING,True
18,SITTING,SITTING,True
18,SITTING,SITTING,True
18,SITTING,SITTING,True
18,SITTING,SITTING,True
18,SITTING,SITTING,True
18,SITTING,SITTING,True
18,SITTING,SITTING,True
18,SITTING,SITTING,True
18,SITTING,SITTING,True
18,SITTING,SITTING,True
18,SITTING,SITTING,True
18,SITTING,SITTING,True
18,SITTING,SITTING,True
18,SITTING,SITTING,True
18,SITTING,SITTING,True
18,SITTING,SITTING,True
18,SITTING,SITTING,True
18,SITTING,SITTING,True
18,SITTING,SITTING,True
18,SITTING,SITTING,True
18,SITTING,SITTING,True
18,SITTING,SITTING,True
18,SITTING,SITTING,True
18,SITTING,SITTING,True
18,SITTING,SITTING,True
18,SITTING,SITTING,True
18,SITTING,SITTING,True
18,LAYING,LAYING,True
18,LAYING,LAYING,True
18,LAYING,LAYING,True
18,LAYING,LAYING,True
18,LAYING,LAYING,True
18,LAYING,LAYING,True
18,LAYING,LAYING,True
18,LAYING,LAYING,True
18,LAYING,LAYING,True
18,LAYING,LAYING,True
18,LAYING,LAYING,True
18,LAYING,LAYING,True
18,LAYING,LAYING,True
18,LAYING,LAYING,True
18,LAYING,LAYING,True
18,LAYING,LAYING,True
18,LAYING,LAYING,True
18,LAYING,LAYING,True
18,LAYING,LAYING,True
18,LAYING,LAYING,True
18,LAYING,LAYING,True
18,LAYING,LAYING,True
18,LAYING,LAYING,True
18,LAYING,LAYING,True
18,LAYING,LAYING,True
18,LAYING,LAYING,True
18,LAYING,LAYING,True
18,LAYING,LAYING,True
18,LAYING,LAYING,True
18,LAYING,LAYING,True
18,LAYING,LAYING,True
18,LAYING,LAYING,True
18,WALKING,WALKING,True
18,WALKING,WALKING,True
18,WALKING,WALKING,True
18,WALKING,WALKING,True
18,WALKING,WALKING,True
18,WALKING,WALKING,True
18,WALKING,WALKING,True
18,WALKING,WALKING,True
18,WALKING,WALKING,True
18,WALKING,WALKING,True
18,WALKING,WALKING,True
18,WALKING,WALKING,True
18,WALKING,WALKING,True
18,WALKING,WALKING,True
18,WALKING,WALKING,True
18,WALKING,WALKING,True
18,WALKING,WALKING,True
18,WALKING,WALKING,True
18,WALKING,WALKING,True
18,WALKING,WALKING,True
18,WALKING,WALKING,True
18,WALKING,WALKING,True
18,WALKING,WALKING,True
18,WALKING,WALKING,True
18,WALKING,WALKING,True
18,WALKING,WALKING,True
18,WALKING,WALKING,True
18,WALKING,WALKING,True
18,WALKING,WALKING,True
18,WALKING_DOWNSTAIRS,WALKING_DOWNSTAIRS,True
18,WALKING_DOWNSTAIRS,WALKING_DOWNSTAIRS,True
18,WALKING_DOWNSTAIRS,WALKING_DOWNSTAIRS,True
18,WALKING_DOWNSTAIRS,WALKING_DOWNSTAIRS,True
18,WALKING_DOWNSTAIRS,WALKING_DOWNSTAIRS,True
18,WALKING_DOWNSTAIRS,WALKING_DOWNSTAIRS,True
18,WALKING_DOWNSTAIRS,WALKING_DOWNSTAIRS,True
18,WALKING_DOWNSTAIRS,WALKING_DOWNSTAIRS,True
18,WALKING_DOWNSTAIRS,WALKING_DOWNSTAIRS,True
18,WALKING_DOWNSTAIRS,WALKING_DOWNSTAIRS,True
18,WALKING_UPSTAIRS,WALKING_UPSTAIRS,True
18,WALKING_UPSTAIRS,WALKING_UPSTAIRS,True
18,WALKING_UPSTAIRS,WALKING_UPSTAIRS,True
18,WALKING_UPSTAIRS,WALKING_UPSTAIRS,True
18,WALKING_UPSTAIRS,WALKING_UPSTAIRS,True
18,WALKING_UPSTAIRS,WALKING_UPSTAIRS,True
18,WALKING_UPSTAIRS,WALKING_UPSTAIRS,True
18,WALKING_UPSTAIRS,WALKING_UPSTAIRS,True
18,WALKING_UPSTAIRS,WALKING_UPSTAIRS,True
18,WALKING_UPSTAIRS,WALKING_UPSTAIRS,True
18,WALKING_DOWNSTAIRS,WALKING_DOWNSTAIRS,True
18,WALKING_DOWNSTAIRS,STANDING,False
18,WALKING_DOWNSTAIRS,WALKING_DOWNSTAIRS,True
18,WALKING_DOWNSTAIRS,WALKING_DOWNSTAIRS,True
18,WALKING_DOWNSTAIRS,WALKING_DOWNSTAIRS,True
18,WALKING_DOWNSTAIRS,WALKING_DOWNSTAIRS,True
18,WALKING_DOWNSTAIRS,WALKING_DOWNSTAIRS,True
18,WALKING_DOWNSTAIRS,WALKING_DOWNSTAIRS,True
18,WALKING_DOWNSTAIRS,WALKING_DOWNSTAIRS,True
18,WALKING_UPSTAIRS,WALKING_UPSTAIRS,True
18,WALKING_UPSTAIRS,WALKING_UPSTAIRS,True
18,WALKING_UPSTAIRS,WALKING_UPSTAIRS,True
18,WALKING_UPSTAIRS,WALKING_UPSTAIRS,True
18,WALKING_UPSTAIRS,WALKING_UPSTAIRS,True
18,WALKING_UPSTAIRS,WALKING_UPSTAIRS,True
18,WALKING_UPSTAIRS,WALKING_UPSTAIRS,True
18,WALKING_UPSTAIRS,WALKING_UPSTAIRS,True
18,WALKING_UPSTAIRS,WALKING_UPSTAIRS,True
18,WALKING_DOWNSTAIRS,WALKING_UPSTAIRS,False
18,WALKING_DOWNSTAIRS,WALKING_DOWNSTAIRS,True
18,WALKING_DOWNSTAIRS,WALKING_DOWNSTAIRS,True
18,WALKING_DOWNSTAIRS,WALKING_UPSTAIRS,False
18,WALKING_DOWNSTAIRS,STANDING,False
18,WALKING_DOWNSTAIRS,WALKING_DOWNSTAIRS,True
18,WALKING_DOWNSTAIRS,WALKING_DOWNSTAIRS,True
18,WALKING_DOWNSTAIRS,WALKING_DOWNSTAIRS,True
18,WALKING_DOWNSTAIRS,WALKING_DOWNSTAIRS,True
18,WALKING_UPSTAIRS,WALKING_UPSTAIRS,True
18,WALKING_UPSTAIRS,WALKING_UPSTAIRS,True
18,WALKING_UPSTAIRS,WALKING_UPSTAIRS,True
18,WALKING_UPSTAIRS,WALKING_UPSTAIRS,True
18,WALKING_UPSTAIRS,WALKING_UPSTAIRS,True
18,WALKING_UPSTAIRS,WALKING_UPSTAIRS,True
18,WALKING_UPSTAIRS,WALKING_UPSTAIRS,True
18,WALKING_UPSTAIRS,WALKING_UPSTAIRS,True
18,WALKING_UPSTAIRS,WALKING_UPSTAIRS,True
18,WALKING_UPSTAIRS,WALKING_UPSTAIRS,True
18,STANDING,STANDING,True
18,STANDING,STANDING,True
18,STANDING,STANDING,True
18,STANDING,STANDING,True
18,STANDING,STANDING,True
18,STANDING,STANDING,True
18,STANDING,STANDING,True
18,STANDING,STANDING,True
18,STANDING,STANDING,True
18,STANDING,STANDING,True
18,STANDING,STANDING,True
18,STANDING,STANDING,True
18,STANDING,STANDING,True
18,STANDING,STANDING,True
18,STANDING,STANDING,True
18,STANDING,STANDING,True
18,STANDING,STANDING,True
18,STANDING,STANDING,True
18,STANDING,STANDING,True
18,STANDING,STANDING,True
18,STANDING,STANDING,True
18,STANDING,STANDING,True
18,STANDING,STANDING,True
18,STANDING,STANDING,True
18,STANDING,STANDING,True
18,STANDING,STANDING,True
18,STANDING,STANDING,True
18,STANDING,STANDING,True
18,STANDING,STANDING,True
18,STANDING,STANDING,True
18,STANDING,STANDING,True
18,STANDING,STANDING,True
18,STANDING,STANDING,True
18,SITTING,SITTING,True
18,SITTING,SITTING,True
18,SITTING,SITTING,True
18,SITTING,SITTING,True
18,SITTING,SITTING,True
18,SITTING,SITTING,True
18,SITTING,SITTING,True
18,SITTING,SITTING,True
18,SITTING,SITTING,True
18,SITTING,SITTING,True
18,SITTING,SITTING,True
18,SITTING,SITTING,True
18,SITTING,SITTING,True
18,SITTING,SITTING,True
18,SITTING,SITTING,True
18,SITTING,SITTING,True
18,SITTING,STANDING,False
18,SITTING,SITTING,True
18,SITTING,SITTING,True
18,SITTING,SITTING,True
18,SITTING,SITTING,True
18,SITTING,SITTING,True
18,SITTING,SITTING,True
18,SITTING,SITTING,True
18,SITTING,SITTING,True
18,SITTING,SITTING,True
18,SITTING,STANDING,False
18,LAYING,LAYING,True
18,LAYING,LAYING,True
18,LAYING,LAYING,True
18,LAYING,LAYING,True
18,LAYING,LAYING,True
18,LAYING,LAYING,True
18,LAYING,LAYING,True
18,LAYING,LAYING,True
18,LAYING,LAYING,True
18,LAYING,LAYING,True
18,LAYING,LAYING,True
18,LAYING,LAYING,True
18,LAYING,LAYING,True
18,LAYING,LAYING,True
18,LAYING,LAYING,True
18,LAYING,LAYING,True
18,LAYING,LAYING,True
18,LAYING,LAYING,True
18,LAYING,LAYING,True
18,LAYING,LAYING,True
18,LAYING,LAYING,True
18,LAYING,LAYING,True
18,LAYING,LAYING,True
18,LAYING,LAYING,True
18,LAYING,LAYING,True
18,LAYING,LAYING,True
18,LAYING,LAYING,True
18,LAYING,LAYING,True
18,LAYING,LAYING,True
18,LAYING,LAYING,True
18,LAYING,LAYING,True
18,LAYING,LAYING,True
18,LAYING,LAYING,True
18,WALKING,WALKING,True
18,WALKING,WALKING,True
18,WALKING,WALKING,True
18,WALKING,WALKING,True
18,WALKING,WALKING,True
18,WALKING,WALKING,True
18,WALKING,WALKING,True
18,WALKING,WALKING,True
18,WALKING,WALKING,True
18,WALKING,WALKING,True
18,WALKING,WALKING,True
18,WALKING,WALKING,True
18,WALKING,WALKING,True
18,WALKING,WALKING,True
18,WALKING,WALKING,True
18,WALKING,WALKING,True
18,WALKING,WALKING,True
18,WALKING,WALKING,True
18,WALKING,WALKING,True
18,WALKING,WALKING,True
18,WALKING,WALKING,True
18,WALKING,WALKING,True
18,WALKING,WALKING,True
18,WALKING,WALKING,True
18,WALKING,WALKING,True
18,WALKING,WALKING,True
18,WALKING,WALKING,True
18,WALKING_DOWNSTAIRS,WALKING_DOWNSTAIRS,True
18,WALKING_DOWNSTAIRS,WALKING_DOWNSTAIRS,True
18,WALKING_DOWNSTAIRS,WALKING_DOWNSTAIRS,True
18,WALKING_DOWNSTAIRS,WALKING_DOWNSTAIRS,True
18,WALKING_DOWNSTAIRS,WALKING_DOWNSTAIRS,True
18,WALKING_DOWNSTAIRS,WALKING_DOWNSTAIRS,True
18,WALKING_DOWNSTAIRS,WALKING_DOWNSTAIRS,True
18,WALKING_DOWNSTAIRS,WALKING_DOWNSTAIRS,True
18,WALKING_DOWNSTAIRS,WALKING_DOWNSTAIRS,True
18,WALKING_DOWNSTAIRS,WALKING_DOWNSTAIRS,True
18,WALKING_DOWNSTAIRS,WALKING_DOWNSTAIRS,True
18,WALKING_DOWNSTAIRS,WALKING_UPSTAIRS,False
18,WALKING_DOWNSTAIRS,WALKING_UPSTAIRS,False
18,WALKING_DOWNSTAIRS,WALKING_UPSTAIRS,False
18,WALKING_DOWNSTAIRS,WALKING_UPSTAIRS,False
18,WALKING_DOWNSTAIRS,WALKING_UPSTAIRS,False
18,WALKING_DOWNSTAIRS,WALKING_DOWNSTAIRS,True
18,WALKING_DOWNSTAIRS,WALKING_DOWNSTAIRS,True
18,WALKING_UPSTAIRS,WALKING_UPSTAIRS,True
18,WALKING_UPSTAIRS,WALKING_UPSTAIRS,True
18,WALKING_UPSTAIRS,WALKING_UPSTAIRS,True
18,WALKING_UPSTAIRS,WALKING_UPSTAIRS,True
18,WALKING_UPSTAIRS,WALKING_UPSTAIRS,True
18,WALKING_UPSTAIRS,WALKING_UPSTAIRS,True
18,WALKING_UPSTAIRS,WALKING_UPSTAIRS,True
18,WALKING_UPSTAIRS,WALKING_UPSTAIRS,True
18,WALKING_UPSTAIRS,WALKING_UPSTAIRS,True
18,WALKING_UPSTAIRS,WALKING_UPSTAIRS,True
18,WALKING_UPSTAIRS,WALKING_UPSTAIRS,True
18,WALKING_UPSTAIRS,WALKING_UPSTAIRS,True
18,WALKING_UPSTAIRS,WALKING_UPSTAIRS,True
18,WALKING_UPSTAIRS,WALKING_UPSTAIRS,True
18,WALKING_UPSTAIRS,WALKING_UPSTAIRS,True
18,WALKING_UPSTAIRS,WALKING_UPSTAIRS,True
18,WALKING_UPSTAIRS,WALKING_UPSTAIRS,True
18,WALKING_UPSTAIRS,WALKING_UPSTAIRS,True
18,WALKING_UPSTAIRS,WALKING_UPSTAIRS,True
18,WALKING_UPSTAIRS,WALKING_UPSTAIRS,True
18,WALKING_UPSTAIRS,WALKING_UPSTAIRS,True
18,WALKING_UPSTAIRS,WALKING_UPSTAIRS,True
18,WALKING_UPSTAIRS,WALKING_UPSTAIRS,True
18,WALKING_UPSTAIRS,WALKING_UPSTAIRS,True
18,WALKING_UPSTAIRS,WALKING_UPSTAIRS,True
18,WALKING_UPSTAIRS,WALKING_UPSTAIRS,True
18,WALKING_UPSTAIRS,WALKING_UPSTAIRS,True
18,WALKING_UPSTAIRS,WALKING_UPSTAIRS,True
18,WALKING_UPSTAIRS,WALKING_UPSTAIRS,True
18,WALKING_DOWNSTAIRS,WALKING_UPSTAIRS,False
18,WALKING_DOWNSTAIRS,WALKING_DOWNSTAIRS,True
18,WALKING_DOWNSTAIRS,WALKING_DOWNSTAIRS,True
18,WALKING_DOWNSTAIRS,WALKING_DOWNSTAIRS,True
18,WALKING_DOWNSTAIRS,WALKING_DOWNSTAIRS,True
18,WALKING_DOWNSTAIRS,WALKING_UPSTAIRS,False
18,WALKING_DOWNSTAIRS,WALKING_DOWNSTAIRS,True
18,WALKING_DOWNSTAIRS,WALKING_DOWNSTAIRS,True
18,WALKING_DOWNSTAIRS,WALKING_DOWNSTAIRS,True
20,STANDING,STANDING,True
20,STANDING,STANDING,True
20,STANDING,STANDING,True
20,STANDING,STANDING,True
20,STANDING,STANDING,True
20,STANDING,STANDING,True
20,STANDING,STANDING,True
20,STANDING,STANDING,True
20,STANDING,STANDING,True
20,STANDING,STANDING,True
20,STANDING,STANDING,True
20,STANDING,STANDING,True
20,STANDING,STANDING,True
20,STANDING,STANDING,True
20,STANDING,STANDING,True
20,STANDING,STANDING,True
20,STANDING,STANDING,True
20,STANDING,STANDING,True
20,STANDING,STANDING,True
20,STANDING,STANDING,True
20,STANDING,SITTING,False
20,STANDING,STANDING,True
20,STANDING,STANDING,True
20,STANDING,STANDING,True
20,STANDING,STANDING,True
20,STANDING,STANDING,True
20,STANDING,STANDING,True
20,STANDING,STANDING,True
20,STANDING,STANDING,True
20,STANDING,STANDING,True
20,STANDING,STANDING,True
20,STANDING,STANDING,True
20,STANDING,STANDING,True
20,STANDING,STANDING,True
20,STANDING,STANDING,True
20,STANDING,STANDING,True
20,STANDING,STANDING,True
20,STANDING,STANDING,True
20,SITTING,SITTING,True
20,SITTING,SITTING,True
20,SITTING,SITTING,True
20,SITTING,SITTING,True
20,SITTING,SITTING,True
20,SITTING,SITTING,True
20,SITTING,SITTING,True
20,SITTING,SITTING,True
20,SITTING,SITTING,True
20,SITTING,SITTING,True
20,SITTING,SITTING,True
20,SITTING,SITTING,True
20,SITTING,SITTING,True
20,SITTING,SITTING,True
20,SITTING,SITTING,True
20,SITTING,SITTING,True
20,SITTING,SITTING,True
20,SITTING,SITTING,True
20,SITTING,SITTING,True
20,SITTING,SITTING,True
20,SITTING,SITTING,True
20,SITTING,SITTING,True
20,SITTING,SITTING,True
20,SITTING,SITTING,True
20,SITTING,SITTING,True
20,SITTING,STANDING,False
20,SITTING,SITTING,True
20,SITTING,SITTING,True
20,SITTING,SITTING,True
20,SITTING,SITTING,True
20,SITTING,SITTING,True
20,SITTING,SITTING,True
20,SITTING,SITTING,True
20,SITTING,SITTING,True
20,SITTING,SITTING,True
20,SITTING,SITTING,True
20,LAYING,LAYING,True
20,LAYING,LAYING,True
20,LAYING,LAYING,True
20,LAYING,LAYING,True
20,LAYING,LAYING,True
20,LAYING,LAYING,True
20,LAYING,LAYING,True
20,LAYING,LAYING,True
20,LAYING,LAYING,True
20,LAYING,LAYING,True
20,LAYING,LAYING,True
20,LAYING,LAYING,True
20,LAYING,LAYING,True
20,LAYING,LAYING,True
20,LAYING,LAYING,True
20,LAYING,LAYING,True
20,LAYING,LAYING,True
20,LAYING,LAYING,True
20,LAYING,LAYING,True
20,LAYING,LAYING,True
20,LAYING,LAYING,True
20,LAYING,LAYING,True
20,LAYING,LAYING,True
20,LAYING,LAYING,True
20,LAYING,LAYING,True
20,LAYING,LAYING,True
20,LAYING,LAYING,True
20,LAYING,LAYING,True
20,LAYING,LAYING,True
20,LAYING,LAYING,True
20,LAYING,LAYING,True
20,WALKING,WALKING,True
20,WALKING,WALKING,True
20,WALKING,WALKING,True
20,WALKING,WALKING,True
20,WALKING,WALKING,True
20,WALKING,WALKING,True
20,WALKING,WALKING,True
20,WALKING,WALKING,True
20,WALKING,WALKING,True
20,WALKING,WALKING,True
20,WALKING,WALKING,True
20,WALKING,WALKING,True
20,WALKING,WALKING,True
20,WALKING,WALKING,True
20,WALKING,WALKING,True
20,WALKING,WALKING,True
20,WALKING,WALKING,True
20,WALKING,WALKING,True
20,WALKING,WALKING,True
20,WALKING,WALKING,True
20,WALKING,WALKING,True
20,WALKING,WALKING,True
20,WALKING,WALKING,True
20,WALKING,WALKING,True
20,WALKING,WALKING,True
20,WALKING,WALKING,True
20,WALKING,WALKING,True
20,WALKING_DOWNSTAIRS,WALKING_DOWNSTAIRS,True
20,WALKING_DOWNSTAIRS,WALKING_DOWNSTAIRS,True
20,WALKING_DOWNSTAIRS,WALKING_DOWNSTAIRS,True
20,WALKING_DOWNSTAIRS,WALKING_DOWNSTAIRS,True
20,WALKING_DOWNSTAIRS,WALKING_DOWNSTAIRS,True
20,WALKING_DOWNSTAIRS,WALKING_DOWNSTAIRS,True
20,WALKING_DOWNSTAIRS,WALKING_DOWNSTAIRS,True
20,WALKING_DOWNSTAIRS,WALKING_DOWNSTAIRS,True
20,WALKING_DOWNSTAIRS,WALKING_DOWNSTAIRS,True
20,WALKING_DOWNSTAIRS,WALKING_DOWNSTAIRS,True
20,WALKING_DOWNSTAIRS,WALKING_DOWNSTAIRS,True
20,WALKING_DOWNSTAIRS,WALKING_DOWNSTAIRS,True
20,WALKING_DOWNSTAIRS,WALKING_DOWNSTAIRS,True
20,WALKING_DOWNSTAIRS,WALKING_DOWNSTAIRS,True
20,WALKING_DOWNSTAIRS,WALKING_DOWNSTAIRS,True
20,WALKING_DOWNSTAIRS,WALKING_UPSTAIRS,False
20,WALKING_DOWNSTAIRS,WALKING_UPSTAIRS,False
20,WALKING_DOWNSTAIRS,WALKING_DOWNSTAIRS,True
20,WALKING_DOWNSTAIRS,WALKING_DOWNSTAIRS,True
20,WALKING_DOWNSTAIRS,WALKING_DOWNSTAIRS,True
20,WALKING_DOWNSTAIRS,WALKING_DOWNSTAIRS,True
20,WALKING_DOWNSTAIRS,WALKING_DOWNSTAIRS,True
20,WALKING_UPSTAIRS,WALKING_UPSTAIRS,True
20,WALKING_UPSTAIRS,WALKING_UPSTAIRS,True
20,WALKING_UPSTAIRS,WALKING_UPSTAIRS,True
20,WALKING_UPSTAIRS,WALKING_UPSTAIRS,True
20,WALKING_UPSTAIRS,WALKING_UPSTAIRS,True
20,WALKING_UPSTAIRS,WALKING_UPSTAIRS,True
20,WALKING_UPSTAIRS,WALKING_UPSTAIRS,True
20,WALKING_UPSTAIRS,WALKING_UPSTAIRS,True
20,WALKING_UPSTAIRS,WALKING_UPSTAIRS,True
20,WALKING_UPSTAIRS,WALKING_UPSTAIRS,True
20,WALKING_UPSTAIRS,WALKING_UPSTAIRS,True
20,WALKING_UPSTAIRS,WALKING_UPSTAIRS,True
20,WALKING_UPSTAIRS,WALKING_UPSTAIRS,True
20,WALKING_UPSTAIRS,WALKING_UPSTAIRS,True
20,WALKING_UPSTAIRS,WALKING_UPSTAIRS,True
20,WALKING_UPSTAIRS,WALKING_UPSTAIRS,True
20,WALKING_UPSTAIRS,WALKING_UPSTAIRS,True
20,WALKING_UPSTAIRS,WALKING_UPSTAIRS,True
20,WALKING_UPSTAIRS,WALKING_UPSTAIRS,True
20,WALKING_UPSTAIRS,WALKING_UPSTAIRS,True
20,WALKING_UPSTAIRS,WALKING_UPSTAIRS,True
20,WALKING_UPSTAIRS,WALKING_UPSTAIRS,True
20,WALKING_UPSTAIRS,WALKING_UPSTAIRS,True
20,WALKING_UPSTAIRS,WALKING_UPSTAIRS,True
20,WALKING_UPSTAIRS,WALKING_UPSTAIRS,True
20,WALKING_UPSTAIRS,WALKING_UPSTAIRS,True
20,STANDING,STANDING,True
20,STANDING,STANDING,True
20,STANDING,STANDING,True
20,STANDING,STANDING,True
20,STANDING,STANDING,True
20,STANDING,STANDING,True
20,STANDING,STANDING,True
20,STANDING,STANDING,True
20,STANDING,STANDING,True
20,STANDING,STANDING,True
20,STANDING,STANDING,True
20,STANDING,STANDING,True
20,STANDING,STANDING,True
20,STANDING,STANDING,True
20,STANDING,STANDING,True
20,STANDING,STANDING,True
20,STANDING,STANDING,True
20,STANDING,STANDING,True
20,STANDING,STANDING,True
20,STANDING,STANDING,True
20,STANDING,STANDING,True
20,STANDING,STANDING,True
20,STANDING,STANDING,True
20,STANDING,STANDING,True
20,STANDING,STANDING,True
20,STANDING,STANDING,True
20,STANDING,STANDING,True
20,STANDING,STANDING,True
20,STANDING,STANDING,True
20,STANDING,STANDING,True
20,STANDING,STANDING,True
20,STANDING,STANDING,True
20,STANDING,STANDING,True
20,STANDING,STANDING,True
20,STANDING,STANDING,True
20,SITTING,STANDING,False
20,SITTING,SITTING,True
20,SITTING,STANDING,False
20,SITTING,STANDING,False
20,SITTING,SITTING,True
20,SITTING,SITTING,True
20,SITTING,SITTING,True
20,SITTING,SITTING,True
20,SITTING,SITTING,True
20,SITTING,SITTING,True
20,SITTING,SITTING,True
20,SITTING,SITTING,True
20,SITTING,STANDING,False
20,SITTING,SITTING,True
20,SITTING,SITTING,True
20,SITTING,SITTING,True
20,SITTING,SITTING,True
20,SITTING,SITTING,True
20,SITTING,SITTING,True
20,SITTING,SITTING,True
20,SITTING,SITTING,True
20,SITTING,SITTING,True
20,SITTING,SITTING,True
20,SITTING,SITTING,True
20,SITTING,SITTING,True
20,SITTING,SITTING,True
20,SITTING,SITTING,True
20,SITTING,SITTING,True
20,SITTING,SITTING,True
20,SITTING,SITTING,True
20,LAYING,LAYING,True
20,LAYING,LAYING,True
20,LAYING,LAYING,True
20,LAYING,LAYING,True
20,LAYING,LAYING,True
20,LAYING,LAYING,True
20,LAYING,LAYING,True
20,LAYING,LAYING,True
20,LAYING,LAYING,True
20,LAYING,LAYING,True
20,LAYING,LAYING,True
20,LAYING,LAYING,True
20,LAYING,LAYING,True
20,LAYING,LAYING,True
20,LAYING,LAYING,True
20,LAYING,LAYING,True
20,LAYING,LAYING,True
20,LAYING,LAYING,True
20,LAYING,LAYING,True
20,LAYING,LAYING,True
20,LAYING,LAYING,True
20,LAYING,LAYING,True
20,LAYING,LAYING,True
20,LAYING,LAYING,True
20,LAYING,LAYING,True
20,LAYING,LAYING,True
20,LAYING,LAYING,True
20,LAYING,LAYING,True
20,LAYING,LAYING,True
20,LAYING,LAYING,True
20,LAYING,LAYING,True
20,LAYING,LAYING,True
20,LAYING,LAYING,True
20,LAYING,LAYING,True
20,LAYING,LAYING,True
20,LAYING,LAYING,True
20,LAYING,LAYING,True
20,WALKING,WALKING,True
20,WALKING,WALKING,True
20,WALKING,WALKING,True
20,WALKING,WALKING,True
20,WALKING,WALKING,True
20,WALKING,WALKING,True
20,WALKING,WALKING,True
20,WALKING,WALKING,True
20,WALKING,WALKING,True
20,WALKING,WALKING,True
20,WALKING,WALKING,True
20,WALKING,WALKING,True
20,WALKING,WALKING,True
20,WALKING,WALKING,True
20,WALKING,WALKING,True
20,WALKING,WALKING,True
20,WALKING,WALKING,True
20,WALKING,WALKING,True
20,WALKING,WALKING,True
20,WALKING,WALKING,True
20,WALKING,WALKING,True
20,WALKING,WALKING,True
20,WALKING,WALKING,True
20,WALKING,WALKING,True
20,WALKING_DOWNSTAIRS,WALKING_UPSTAIRS,False
20,WALKING_DOWNSTAIRS,WALKING_UPSTAIRS,False
20,WALKING_DOWNSTAIRS,WALKING_DOWNSTAIRS,True
20,WALKING_DOWNSTAIRS,WALKING_DOWNSTAIRS,True
20,WALKING_DOWNSTAIRS,WALKING_DOWNSTAIRS,True
20,WALKING_DOWNSTAIRS,WALKING_DOWNSTAIRS,True
20,WALKING_DOWNSTAIRS,WALKING_UPSTAIRS,False
20,WALKING_DOWNSTAIRS,WALKING_UPSTAIRS,False
20,WALKING_DOWNSTAIRS,WALKING_UPSTAIRS,False
20,WALKING_DOWNSTAIRS,WALKING_UPSTAIRS,False
20,WALKING_DOWNSTAIRS,WALKING_DOWNSTAIRS,True
20,WALKING_DOWNSTAIRS,WALKING_DOWNSTAIRS,True
20,WALKING_DOWNSTAIRS,WALKING_DOWNSTAIRS,True
20,WALKING_DOWNSTAIRS,WALKING_UPSTAIRS,False
20,WALKING_DOWNSTAIRS,WALKING_DOWNSTAIRS,True
20,WALKING_DOWNSTAIRS,WALKING_UPSTAIRS,False
20,WALKING_DOWNSTAIRS,WALKING_DOWNSTAIRS,True
20,WALKING_DOWNSTAIRS,WALKING_DOWNSTAIRS,True
20,WALKING_DOWNSTAIRS,WALKING_DOWNSTAIRS,True
20,WALKING_DOWNSTAIRS,WALKING_DOWNSTAIRS,True
20,WALKING_DOWNSTAIRS,WALKING_UPSTAIRS,False
20,WALKING_DOWNSTAIRS,WALKING_DOWNSTAIRS,True
20,WALKING_DOWNSTAIRS,WALKING_DOWNSTAIRS,True
20,WALKING_UPSTAIRS,WALKING_UPSTAIRS,True
20,WALKING_UPSTAIRS,WALKING_UPSTAIRS,True
20,WALKING_UPSTAIRS,WALKING_UPSTAIRS,True
20,WALKING_UPSTAIRS,WALKING_UPSTAIRS,True
20,WALKING_UPSTAIRS,WALKING_UPSTAIRS,True
20,WALKING_UPSTAIRS,WALKING_UPSTAIRS,True
20,WALKING_UPSTAIRS,WALKING_UPSTAIRS,True
20,WALKING_UPSTAIRS,WALKING_UPSTAIRS,True
20,WALKING_UPSTAIRS,WALKING_UPSTAIRS,True
20,WALKING_UPSTAIRS,WALKING_UPSTAIRS,True
20,WALKING_UPSTAIRS,WALKING_UPSTAIRS,True
20,WALKING_UPSTAIRS,WALKING_UPSTAIRS,True
20,WALKING_UPSTAIRS,WALKING_UPSTAIRS,True
20,WALKING_UPSTAIRS,WALKING_UPSTAIRS,True
20,WALKING_UPSTAIRS,WALKING_UPSTAIRS,True
20,WALKING_UPSTAIRS,WALKING_UPSTAIRS,True
20,WALKING_UPSTAIRS,WALKING_UPSTAIRS,True
20,WALKING_UPSTAIRS,WALKING_UPSTAIRS,True
20,WALKING_UPSTAIRS,WALKING_UPSTAIRS,True
20,WALKING_UPSTAIRS,WALKING_UPSTAIRS,True
20,WALKING_UPSTAIRS,WALKING_UPSTAIRS,True
20,WALKING_UPSTAIRS,WALKING_UPSTAIRS,True
20,WALKING_UPSTAIRS,WALKING_UPSTAIRS,True
20,WALKING_UPSTAIRS,WALKING_UPSTAIRS,True
20,WALKING_UPSTAIRS,WALKING_UPSTAIRS,True
24,STANDING,STANDING,True
24,STANDING,STANDING,True
24,STANDING,STANDING,True
24,STANDING,STANDING,True
24,STANDING,STANDING,True
24,STANDING,STANDING,True
24,STANDING,STANDING,True
24,STANDING,STANDING,True
24,STANDING,STANDING,True
24,STANDING,STANDING,True
24,STANDING,STANDING,True
24,STANDING,STANDING,True
24,STANDING,STANDING,True
24,STANDING,STANDING,True
24,STANDING,STANDING,True
24,STANDING,STANDING,True
24,STANDING,SITTING,False
24,STANDING,STANDING,True
24,STANDING,STANDING,True
24,STANDING,STANDING,True
24,STANDING,STANDING,True
24,STANDING,STANDING,True
24,STANDING,STANDING,True
24,STANDING,STANDING,True
24,STANDING,STANDING,True
24,STANDING,STANDING,True
24,STANDING,STANDING,True
24,STANDING,STANDING,True
24,STANDING,STANDING,True
24,STANDING,STANDING,True
24,STANDING,STANDING,True
24,STANDING,STANDING,True
24,STANDING,SITTING,False
24,SITTING,SITTING,True
24,SITTING,SITTING,True
24,SITTING,SITTING,True
24,SITTING,SITTING,True
24,SITTING,SITTING,True
24,SITTING,SITTING,True
24,SITTING,SITTING,True
24,SITTING,SITTING,True
24,SITTING,SITTING,True
24,SITTING,SITTING,True
24,SITTING,SITTING,True
24,SITTING,SITTING,True
24,SITTING,SITTING,True
24,SITTING,SITTING,True
24,SITTING,SITTING,True
24,SITTING,SITTING,True
24,SITTING,SITTING,True
24,SITTING,SITTING,True
24,SITTING,SITTING,True
24,SITTING,SITTING,True
24,SITTING,SITTING,True
24,SITTING,SITTING,True
24,SITTING,SITTING,True
24,SITTING,SITTING,True
24,SITTING,SITTING,True
24,SITTING,SITTING,True
24,SITTING,SITTING,True
24,SITTING,SITTING,True
24,SITTING,SITTING,True
24,SITTING,SITTING,True
24,SITTING,SITTING,True
24,SITTING,SITTING,True
24,SITTING,SITTING,True
24,SITTING,SITTING,True
24,LAYING,LAYING,True
24,LAYING,LAYING,True
24,LAYING,LAYING,True
24,LAYING,LAYING,True
24,LAYING,LAYING,True
24,LAYING,LAYING,True
24,LAYING,LAYING,True
24,LAYING,LAYING,True
24,LAYING,LAYING,True
24,LAYING,LAYING,True
24,LAYING,LAYING,True
24,LAYING,LAYING,True
24,LAYING,LAYING,True
24,LAYING,LAYING,True
24,LAYING,LAYING,True
24,LAYING,LAYING,True
24,LAYING,LAYING,True
24,LAYING,LAYING,True
24,LAYING,LAYING,True
24,LAYING,LAYING,True
24,LAYING,LAYING,True
24,LAYING,LAYING,True
24,LAYING,LAYING,True
24,LAYING,LAYING,True
24,LAYING,LAYING,True
24,LAYING,LAYING,True
24,LAYING,LAYING,True
24,LAYING,LAYING,True
24,LAYING,LAYING,True
24,LAYING,LAYING,True
24,LAYING,LAYING,True
24,LAYING,LAYING,True
24,LAYING,LAYING,True
24,LAYING,LAYING,True
24,LAYING,LAYING,True
24,LAYING,LAYING,True
24,WALKING,WALKING,True
24,WALKING,WALKING,True
24,WALKING,WALKING,True
24,WALKING,WALKING,True
24,WALKING,WALKING,True
24,WALKING,WALKING,True
24,WALKING,WALKING,True
24,WALKING,WALKING,True
24,WALKING,WALKING,True
24,WALKING,WALKING,True
24,WALKING,WALKING,True
24,WALKING,WALKING,True
24,WALKING,WALKING,True
24,WALKING,WALKING,True
24,WALKING,WALKING,True
24,WALKING,WALKING,True
24,WALKING,WALKING,True
24,WALKING,WALKING,True
24,WALKING,WALKING,True
24,WALKING,WALKING,True
24,WALKING,WALKING,True
24,WALKING,WALKING,True
24,WALKING,WALKING,True
24,WALKING,WALKING,True
24,WALKING,WALKING,True
24,WALKING,WALKING,True
24,WALKING,WALKING,True
24,WALKING,WALKING,True
24,WALKING_DOWNSTAIRS,WALKING_DOWNSTAIRS,True
24,WALKING_DOWNSTAIRS,WALKING_DOWNSTAIRS,True
24,WALKING_DOWNSTAIRS,WALKING_DOWNSTAIRS,True
24,WALKING_DOWNSTAIRS,WALKING_DOWNSTAIRS,True
24,WALKING_DOWNSTAIRS,WALKING_DOWNSTAIRS,True
24,WALKING_DOWNSTAIRS,WALKING_DOWNSTAIRS,True
24,WALKING_DOWNSTAIRS,WALKING_DOWNSTAIRS,True
24,WALKING_DOWNSTAIRS,WALKING_DOWNSTAIRS,True
24,WALKING_DOWNSTAIRS,WALKING_DOWNSTAIRS,True
24,WALKING_DOWNSTAIRS,WALKING_DOWNSTAIRS,True
24,WALKING_DOWNSTAIRS,WALKING_DOWNSTAIRS,True
24,WALKING_DOWNSTAIRS,WALKING_DOWNSTAIRS,True
24,WALKING_DOWNSTAIRS,WALKING_DOWNSTAIRS,True
24,WALKING_DOWNSTAIRS,WALKING_DOWNSTAIRS,True
24,WALKING_DOWNSTAIRS,WALKING_DOWNSTAIRS,True
24,WALKING_DOWNSTAIRS,WALKING_DOWNSTAIRS,True
24,WALKING_DOWNSTAIRS,WALKING_DOWNSTAIRS,True
24,WALKING_DOWNSTAIRS,WALKING_DOWNSTAIRS,True
24,WALKING_DOWNSTAIRS,WALKING_DOWNSTAIRS,True
24,WALKING_DOWNSTAIRS,WALKING_DOWNSTAIRS,True
24,WALKING_DOWNSTAIRS,WALKING_DOWNSTAIRS,True
24,WALKING_DOWNSTAIRS,WALKING_DOWNSTAIRS,True
24,WALKING_DOWNSTAIRS,WALKING_DOWNSTAIRS,True
24,WALKING_DOWNSTAIRS,WALKING_DOWNSTAIRS,True
24,WALKING_DOWNSTAIRS,WALKING_DOWNSTAIRS,True
24,WALKING_DOWNSTAIRS,WALKING_DOWNSTAIRS,True
24,WALKING_DOWNSTAIRS,WALKING_DOWNSTAIRS,True
24,WALKING_UPSTAIRS,WALKING_UPSTAIRS,True
24,WALKING_UPSTAIRS,WALKING_UPSTAIRS,True
24,WALKING_UPSTAIRS,WALKING_UPSTAIRS,True
24,WALKING_UPSTAIRS,WALKING_UPSTAIRS,True
24,WALKING_UPSTAIRS,WALKING_UPSTAIRS,True
24,WALKING_UPSTAIRS,WALKING_UPSTAIRS,True
24,WALKING_UPSTAIRS,WALKING_UPSTAIRS,True
24,WALKING_UPSTAIRS,WALKING_UPSTAIRS,True
24,WALKING_UPSTAIRS,WALKING_UPSTAIRS,True
24,WALKING_UPSTAIRS,WALKING_UPSTAIRS,True
24,WALKING_UPSTAIRS,WALKING_UPSTAIRS,True
24,WALKING_UPSTAIRS,WALKING_UPSTAIRS,True
24,WALKING_UPSTAIRS,WALKING_UPSTAIRS,True
24,WALKING_UPSTAIRS,WALKING_UPSTAIRS,True
24,WALKING_UPSTAIRS,WALKING_UPSTAIRS,True
24,WALKING_UPSTAIRS,WALKING_UPSTAIRS,True
24,WALKING_UPSTAIRS,WALKING_UPSTAIRS,True
24,WALKING_UPSTAIRS,WALKING_UPSTAIRS,True
24,WALKING_UPSTAIRS,WALKING_UPSTAIRS,True
24,WALKING_UPSTAIRS,WALKING_UPSTAIRS,True
24,WALKING_UPSTAIRS,WALKING_UPSTAIRS,True
24,WALKING_UPSTAIRS,WALKING_UPSTAIRS,True
24,WALKING_UPSTAIRS,WALKING_UPSTAIRS,True
24,WALKING_UPSTAIRS,WALKING_UPSTAIRS,True
24,WALKING_UPSTAIRS,WALKING_UPSTAIRS,True
24,WALKING_UPSTAIRS,WALKING_UPSTAIRS,True
24,WALKING_UPSTAIRS,WALKING_UPSTAIRS,True
24,WALKING_UPSTAIRS,WALKING_UPSTAIRS,True
24,WALKING_UPSTAIRS,WALKING_UPSTAIRS,True
24,STANDING,STANDING,True
24,STANDING,STANDING,True
24,STANDING,STANDING,True
24,STANDING,STANDING,True
24,STANDING,STANDING,True
24,STANDING,STANDING,True
24,STANDING,STANDING,True
24,STANDING,STANDING,True
24,STANDING,STANDING,True
24,STANDING,STANDING,True
24,STANDING,STANDING,True
24,STANDING,STANDING,True
24,STANDING,STANDING,True
24,STANDING,STANDING,True
24,STANDING,STANDING,True
24,STANDING,STANDING,True
24,STANDING,STANDING,True
24,STANDING,STANDING,True
24,STANDING,STANDING,True
24,STANDING,STANDING,True
24,STANDING,STANDING,True
24,STANDING,STANDING,True
24,STANDING,STANDING,True
24,STANDING,STANDING,True
24,STANDING,STANDING,True
24,STANDING,STANDING,True
24,STANDING,STANDING,True
24,STANDING,STANDING,True
24,STANDING,STANDING,True
24,STANDING,STANDING,True
24,STANDING,STANDING,True
24,STANDING,STANDING,True
24,STANDING,STANDING,True
24,STANDING,STANDING,True
24,STANDING,STANDING,True
24,STANDING,STANDING,True
24,SITTING,SITTING,True
24,SITTING,SITTING,True
24,SITTING,SITTING,True
24,SITTING,SITTING,True
24,SITTING,SITTING,True
24,SITTING,SITTING,True
24,SITTING,SITTING,True
24,SITTING,SITTING,True
24,SITTING,SITTING,True
24,SITTING,SITTING,True
24,SITTING,SITTING,True
24,SITTING,SITTING,True
24,SITTING,SITTING,True
24,SITTING,SITTING,True
24,SITTING,SITTING,True
24,SITTING,SITTING,True
24,SITTING,SITTING,True
24,SITTING,SITTING,True
24,SITTING,SITTING,True
24,SITTING,SITTING,True
24,SITTING,SITTING,True
24,SITTING,SITTING,True
24,SITTING,SITTING,True
24,SITTING,SITTING,True
24,SITTING,SITTING,True
24,SITTING,SITTING,True
24,SITTING,SITTING,True
24,SITTING,SITTING,True
24,SITTING,SITTING,True
24,SITTING,SITTING,True
24,SITTING,SITTING,True
24,SITTING,SITTING,True
24,SITTING,SITTING,True
24,SITTING,SITTING,True
24,LAYING,LAYING,True
24,LAYING,LAYING,True
24,LAYING,LAYING,True
24,LAYING,LAYING,True
24,LAYING,LAYING,True
24,LAYING,LAYING,True
24,LAYING,LAYING,True
24,LAYING,LAYING,True
24,LAYING,LAYING,True
24,LAYING,LAYING,True
24,LAYING,LAYING,True
24,LAYING,LAYING,True
24,LAYING,LAYING,True
24,LAYING,LAYING,True
24,LAYING,LAYING,True
24,LAYING,LAYING,True
24,LAYING,LAYING,True
24,LAYING,LAYING,True
24,LAYING,LAYING,True
24,LAYING,LAYING,True
24,LAYING,LAYING,True
24,LAYING,LAYING,True
24,LAYING,LAYING,True
24,LAYING,LAYING,True
24,LAYING,LAYING,True
24,LAYING,LAYING,True
24,LAYING,LAYING,True
24,LAYING,LAYING,True
24,LAYING,LAYING,True
24,LAYING,LAYING,True
24,LAYING,LAYING,True
24,LAYING,LAYING,True
24,LAYING,LAYING,True
24,LAYING,LAYING,True
24,LAYING,LAYING,True
24,LAYING,LAYING,True
24,WALKING,WALKING,True
24,WALKING,WALKING,True
24,WALKING,WALKING,True
24,WALKING,WALKING,True
24,WALKING,WALKING,True
24,WALKING,WALKING,True
24,WALKING,WALKING,True
24,WALKING,WALKING,True
24,WALKING,WALKING,True
24,WALKING,WALKING,True
24,WALKING,WALKING,True
24,WALKING,WALKING,True
24,WALKING,WALKING,True
24,WALKING,WALKING,True
24,WALKING,WALKING,True
24,WALKING,WALKING,True
24,WALKING,WALKING,True
24,WALKING,WALKING,True
24,WALKING,WALKING,True
24,WALKING,WALKING,True
24,WALKING,WALKING,True
24,WALKING,WALKING,True
24,WALKING,WALKING,True
24,WALKING,WALKING,True
24,WALKING,WALKING,True
24,WALKING,WALKING,True
24,WALKING,WALKING,True
24,WALKING,WALKING,True
24,WALKING,WALKING,True
24,WALKING,WALKING,True
24,WALKING_DOWNSTAIRS,WALKING_DOWNSTAIRS,True
24,WALKING_DOWNSTAIRS,WALKING_DOWNSTAIRS,True
24,WALKING_DOWNSTAIRS,WALKING_DOWNSTAIRS,True
24,WALKING_DOWNSTAIRS,WALKING_DOWNSTAIRS,True
24,WALKING_DOWNSTAIRS,WALKING_DOWNSTAIRS,True
24,WALKING_DOWNSTAIRS,WALKING_DOWNSTAIRS,True
24,WALKING_DOWNSTAIRS,WALKING_DOWNSTAIRS,True
24,WALKING_DOWNSTAIRS,WALKING_DOWNSTAIRS,True
24,WALKING_DOWNSTAIRS,WALKING_DOWNSTAIRS,True
24,WALKING_DOWNSTAIRS,WALKING_DOWNSTAIRS,True
24,WALKING_DOWNSTAIRS,WALKING_DOWNSTAIRS,True
24,WALKING_DOWNSTAIRS,WALKING_DOWNSTAIRS,True
24,WALKING_DOWNSTAIRS,WALKING_DOWNSTAIRS,True
24,WALKING_DOWNSTAIRS,WALKING_DOWNSTAIRS,True
24,WALKING_DOWNSTAIRS,WALKING_DOWNSTAIRS,True
24,WALKING_DOWNSTAIRS,WALKING_DOWNSTAIRS,True
24,WALKING_DOWNSTAIRS,WALKING_DOWNSTAIRS,True
24,WALKING_DOWNSTAIRS,WALKING_DOWNSTAIRS,True
24,WALKING_DOWNSTAIRS,WALKING_DOWNSTAIRS,True
24,WALKING_UPSTAIRS,WALKING_UPSTAIRS,True
24,WALKING_UPSTAIRS,WALKING_UPSTAIRS,True
24,WALKING_UPSTAIRS,WALKING_UPSTAIRS,True
24,WALKING_UPSTAIRS,WALKING_UPSTAIRS,True
24,WALKING_UPSTAIRS,WALKING_UPSTAIRS,True
24,WALKING_UPSTAIRS,WALKING_UPSTAIRS,True
24,WALKING_UPSTAIRS,WALKING_UPSTAIRS,True
24,WALKING_UPSTAIRS,WALKING_UPSTAIRS,True
24,WALKING_UPSTAIRS,WALKING_UPSTAIRS,True
24,WALKING_UPSTAIRS,WALKING_UPSTAIRS,True
24,WALKING_UPSTAIRS,WALKING_UPSTAIRS,True
24,WALKING_UPSTAIRS,WALKING_UPSTAIRS,True
24,WALKING_UPSTAIRS,WALKING_UPSTAIRS,True
24,WALKING_UPSTAIRS,WALKING_UPSTAIRS,True
24,WALKING_UPSTAIRS,WALKING_UPSTAIRS,True
24,WALKING_UPSTAIRS,WALKING_UPSTAIRS,True
24,WALKING_UPSTAIRS,WALKING_UPSTAIRS,True
24,WALKING_UPSTAIRS,WALKING_UPSTAIRS,True
24,WALKING_UPSTAIRS,WALKING_UPSTAIRS,True
24,WALKING_UPSTAIRS,WALKING_UPSTAIRS,True
24,WALKING_DOWNSTAIRS,WALKING_DOWNSTAIRS,True
24,WALKING_DOWNSTAIRS,WALKING_DOWNSTAIRS,True
24,WALKING_DOWNSTAIRS,WALKING_DOWNSTAIRS,True
24,WALKING_DOWNSTAIRS,WALKING_DOWNSTAIRS,True
24,WALKING_DOWNSTAIRS,WALKING_DOWNSTAIRS,True
24,WALKING_DOWNSTAIRS,WALKING_DOWNSTAIRS,True
24,WALKING_DOWNSTAIRS,WALKING_DOWNSTAIRS,True
24,WALKING_DOWNSTAIRS,WALKING_DOWNSTAIRS,True
24,WALKING_DOWNSTAIRS,WALKING_DOWNSTAIRS,True
24,WALKING_UPSTAIRS,WALKING_UPSTAIRS,True
24,WALKING_UPSTAIRS,WALKING_UPSTAIRS,True
24,WALKING_UPSTAIRS,WALKING_UPSTAIRS,True
24,WALKING_UPSTAIRS,WALKING_UPSTAIRS,True
24,WALKING_UPSTAIRS,WALKING_UPSTAIRS,True
24,WALKING_UPSTAIRS,WALKING_UPSTAIRS,True
24,WALKING_UPSTAIRS,WALKING_UPSTAIRS,True
24,WALKING_UPSTAIRS,WALKING_UPSTAIRS,True
24,WALKING_UPSTAIRS,WALKING_UPSTAIRS,True
24,WALKING_UPSTAIRS,WALKING_UPSTAIRS,True
